,Unnamed: 0,epoche,layer,accuracy,f1-score,task,model,random
0,0.0,0,0,0.8127288578901483,0.4483455175067334,Person,t5,TRUE
1,1.0,0,1,0.8127288578901483,0.4483455175067334,Person,t5,TRUE
2,2.0,0,2,0.8127288578901483,0.4483455175067334,Person,t5,TRUE
3,3.0,0,3,0.8127288578901483,0.4483455175067334,Person,t5,TRUE
4,4.0,0,4,0.8127288578901483,0.4483455175067334,Person,t5,TRUE
5,5.0,0,5,0.8127288578901483,0.4483455175067334,Person,t5,TRUE
6,6.0,0,6,0.8127288578901483,0.4483455175067334,Person,t5,TRUE
7,7.0,100000,0,0.8127288578901483,0.4483455175067334,Person,t5,TRUE
8,8.0,100000,1,0.8127288578901483,0.4483455175067334,Person,t5,TRUE
9,9.0,100000,2,0.8127288578901483,0.4483455175067334,Person,t5,TRUE
10,10.0,100000,3,0.8127288578901483,0.4483455175067334,Person,t5,TRUE
11,11.0,100000,4,0.8127288578901483,0.4483455175067334,Person,t5,TRUE
12,12.0,100000,5,0.8127288578901483,0.4483455175067334,Person,t5,TRUE
13,13.0,100000,6,0.8127288578901483,0.4483455175067334,Person,t5,TRUE
14,14.0,200000,0,0.8127288578901483,0.4483455175067334,Person,t5,TRUE
15,15.0,200000,1,0.8127288578901483,0.4483455175067334,Person,t5,TRUE
16,16.0,200000,2,0.8127288578901483,0.4483455175067334,Person,t5,TRUE
17,17.0,200000,3,0.8127288578901483,0.4483455175067334,Person,t5,TRUE
18,18.0,200000,4,0.8127288578901483,0.4483455175067334,Person,t5,TRUE
19,19.0,200000,5,0.8127288578901483,0.4483455175067334,Person,t5,TRUE
20,20.0,200000,6,0.8127288578901483,0.4483455175067334,Person,t5,TRUE
21,21.0,300000,0,0.8127288578901483,0.4483455175067334,Person,t5,TRUE
22,22.0,300000,1,0.8127288578901483,0.4483455175067334,Person,t5,TRUE
23,23.0,300000,2,0.8127288578901483,0.4483455175067334,Person,t5,TRUE
24,24.0,300000,3,0.8127288578901483,0.4483455175067334,Person,t5,TRUE
25,25.0,300000,4,0.8127288578901483,0.4483455175067334,Person,t5,TRUE
26,26.0,300000,5,0.8127288578901483,0.4483455175067334,Person,t5,TRUE
27,27.0,300000,6,0.8127288578901483,0.4483455175067334,Person,t5,TRUE
28,28.0,400000,0,0.8127288578901483,0.4483455175067334,Person,t5,TRUE
29,29.0,400000,1,0.8127288578901483,0.4483455175067334,Person,t5,TRUE
30,30.0,400000,2,0.8127288578901483,0.4483455175067334,Person,t5,TRUE
31,31.0,400000,3,0.8127288578901483,0.4483455175067334,Person,t5,TRUE
32,32.0,400000,4,0.8127288578901483,0.4483455175067334,Person,t5,TRUE
33,33.0,400000,5,0.8127288578901483,0.4483455175067334,Person,t5,TRUE
34,34.0,400000,6,0.8127288578901483,0.4483455175067334,Person,t5,TRUE
35,35.0,500000,0,0.8127288578901483,0.4483455175067334,Person,t5,TRUE
36,36.0,500000,1,0.8125544899738448,0.4482924482924483,Person,t5,TRUE
37,37.0,500000,2,0.8127288578901483,0.4483455175067334,Person,t5,TRUE
38,38.0,500000,3,0.8127288578901483,0.4483455175067334,Person,t5,TRUE
39,39.0,500000,4,0.8127288578901483,0.4483455175067334,Person,t5,TRUE
40,40.0,500000,5,0.8127288578901483,0.4483455175067334,Person,t5,TRUE
41,41.0,500000,6,0.8127288578901483,0.4483455175067334,Person,t5,TRUE
42,42.0,600000,0,0.8127288578901483,0.4483455175067334,Person,t5,TRUE
43,43.0,600000,1,0.8127288578901483,0.4483455175067334,Person,t5,TRUE
44,44.0,600000,2,0.8127288578901483,0.4483455175067334,Person,t5,TRUE
45,45.0,600000,3,0.8127288578901483,0.4483455175067334,Person,t5,TRUE
46,46.0,600000,4,0.8127288578901483,0.4483455175067334,Person,t5,TRUE
47,47.0,600000,5,0.8127288578901483,0.4483455175067334,Person,t5,TRUE
48,48.0,600000,6,0.8127288578901483,0.4483455175067334,Person,t5,TRUE
49,49.0,700000,0,0.8127288578901483,0.4483455175067334,Person,t5,TRUE
50,50.0,700000,1,0.8127288578901483,0.4483455175067334,Person,t5,TRUE
51,51.0,700000,2,0.8125544899738448,0.4482924482924483,Person,t5,TRUE
52,52.0,700000,3,0.8123801220575414,0.4482393688666538,Person,t5,TRUE
53,53.0,700000,4,0.8127288578901483,0.4483455175067334,Person,t5,TRUE
54,54.0,700000,5,0.8127288578901483,0.4483455175067334,Person,t5,TRUE
55,55.0,700000,6,0.8127288578901483,0.4483455175067334,Person,t5,TRUE
56,56.0,800000,0,0.8127288578901483,0.4483455175067334,Person,t5,TRUE
57,57.0,800000,1,0.8127288578901483,0.4483455175067334,Person,t5,TRUE
58,58.0,800000,2,0.8127288578901483,0.4483455175067334,Person,t5,TRUE
59,59.0,800000,3,0.8127288578901483,0.4483455175067334,Person,t5,TRUE
60,60.0,800000,4,0.8127288578901483,0.4483455175067334,Person,t5,TRUE
61,61.0,800000,5,0.8127288578901483,0.4483455175067334,Person,t5,TRUE
62,62.0,800000,6,0.8127288578901483,0.4483455175067334,Person,t5,TRUE
63,63.0,900000,0,0.8127288578901483,0.4483455175067334,Person,t5,TRUE
64,64.0,900000,1,0.8125544899738448,0.4482924482924483,Person,t5,TRUE
65,65.0,900000,2,0.8127288578901483,0.4483455175067334,Person,t5,TRUE
66,66.0,900000,3,0.8127288578901483,0.4483455175067334,Person,t5,TRUE
67,67.0,900000,4,0.8127288578901483,0.4483455175067334,Person,t5,TRUE
68,68.0,900000,5,0.8127288578901483,0.4483455175067334,Person,t5,TRUE
69,69.0,900000,6,0.8127288578901483,0.4483455175067334,Person,t5,TRUE
70,70.0,1000000,0,0.8127288578901483,0.4483455175067334,Person,t5,TRUE
71,71.0,1000000,1,0.8127288578901483,0.4483455175067334,Person,t5,TRUE
72,72.0,1000000,2,0.8127288578901483,0.4483455175067334,Person,t5,TRUE
73,73.0,1000000,3,0.8127288578901483,0.4483455175067334,Person,t5,TRUE
74,74.0,1000000,4,0.8127288578901483,0.4483455175067334,Person,t5,TRUE
75,75.0,1000000,5,0.8127288578901483,0.4483455175067334,Person,t5,TRUE
76,76.0,1000000,6,0.8127288578901483,0.4483455175067334,Person,t5,TRUE
77,77.0,1100000,0,0.8127288578901483,0.4483455175067334,Person,t5,TRUE
78,78.0,1100000,1,0.8127288578901483,0.4483455175067334,Person,t5,TRUE
79,79.0,1100000,2,0.8127288578901483,0.4483455175067334,Person,t5,TRUE
80,80.0,1100000,3,0.8127288578901483,0.4483455175067334,Person,t5,TRUE
81,81.0,1100000,4,0.8127288578901483,0.4483455175067334,Person,t5,TRUE
82,82.0,1100000,5,0.8127288578901483,0.4483455175067334,Person,t5,TRUE
83,83.0,1100000,6,0.8127288578901483,0.4483455175067334,Person,t5,TRUE
0,0.0,0,0,0.04835420914651908,0.04803412481164844,Top constituents,t5,TRUE
1,1.0,0,1,0.04558695018933877,0.04534243273155604,Top constituents,t5,TRUE
2,2.0,0,2,0.04922808039615496,0.04925749487603351,Top constituents,t5,TRUE
3,3.0,0,3,0.04777162831342849,0.04745556555626104,Top constituents,t5,TRUE
4,4.0,0,4,0.0502475968540635,0.04993879532587778,Top constituents,t5,TRUE
5,5.0,0,5,0.04762598310515584,0.04726130976976253,Top constituents,t5,TRUE
6,6.0,0,6,0.04981066122924556,0.04968742203991706,Top constituents,t5,TRUE
8,0.0,100000,0,0.05563646956015147,0.055473713300287955,Top constituents,t5,TRUE
9,1.0,100000,1,0.04908243518788232,0.04884726793973103,Top constituents,t5,TRUE
10,2.0,100000,2,0.05286921060297116,0.05265226006852604,Top constituents,t5,TRUE
11,3.0,100000,3,0.050975822895426744,0.05074534452661773,Top constituents,t5,TRUE
12,4.0,100000,4,0.04937372560442761,0.04915665487758038,Top constituents,t5,TRUE
13,5.0,100000,5,0.04762598310515584,0.04738816915374271,Top constituents,t5,TRUE
14,6.0,100000,6,0.04995630643751821,0.04976397354555386,Top constituents,t5,TRUE
16,0.0,200000,0,0.048499854354791726,0.04838363279757284,Top constituents,t5,TRUE
17,1.0,200000,1,0.05010195164579085,0.05012142912836985,Top constituents,t5,TRUE
18,2.0,200000,2,0.051267113311972035,0.050978491594128275,Top constituents,t5,TRUE
19,3.0,200000,3,0.04951937081270026,0.04953419012383879,Top constituents,t5,TRUE
20,4.0,200000,4,0.04573259539761142,0.045609877704630125,Top constituents,t5,TRUE
21,5.0,200000,5,0.05199533935333527,0.051739913453237044,Top constituents,t5,TRUE
22,6.0,200000,6,0.050975822895426744,0.050732122331881166,Top constituents,t5,TRUE
24,0.0,300000,0,0.04733469268861054,0.047151260020169145,Top constituents,t5,TRUE
25,1.0,300000,1,0.04995630643751821,0.04986573549019978,Top constituents,t5,TRUE
26,2.0,300000,2,0.04995630643751821,0.0498121937372427,Top constituents,t5,TRUE
27,3.0,300000,3,0.045441304981066126,0.044647129283926876,Top constituents,t5,TRUE
28,4.0,300000,4,0.051121468103699386,0.05053652299076278,Top constituents,t5,TRUE
29,5.0,300000,5,0.051267113311972035,0.05085449983831819,Top constituents,t5,TRUE
30,6.0,300000,6,0.04922808039615496,0.04888077529544306,Top constituents,t5,TRUE
32,0.0,400000,0,0.04748033789688319,0.047413262503976754,Top constituents,t5,TRUE
33,1.0,400000,1,0.046023885814156715,0.04540913184961448,Top constituents,t5,TRUE
34,2.0,400000,2,0.048208563938246435,0.04784802565126379,Top constituents,t5,TRUE
35,3.0,400000,3,0.0471890474803379,0.04699545846571554,Top constituents,t5,TRUE
36,4.0,400000,4,0.046023885814156715,0.04584572475948004,Top constituents,t5,TRUE
37,5.0,400000,5,0.048791144771337024,0.04836732172143274,Top constituents,t5,TRUE
38,6.0,400000,6,0.051121468103699386,0.0509228778719612,Top constituents,t5,TRUE
40,0.0,500000,0,0.04748033789688319,0.04726148258306572,Top constituents,t5,TRUE
41,1.0,500000,1,0.046460821438974655,0.045223273975620835,Top constituents,t5,TRUE
42,2.0,500000,2,0.04515001456452083,0.04516007593789894,Top constituents,t5,TRUE
43,3.0,500000,3,0.050684532478881446,0.05051554195219139,Top constituents,t5,TRUE
44,4.0,500000,4,0.04937372560442761,0.04916381303398043,Top constituents,t5,TRUE
45,5.0,500000,5,0.04748033789688319,0.04717152874653277,Top constituents,t5,TRUE
46,6.0,500000,6,0.048645499563064375,0.048448745371984805,Top constituents,t5,TRUE
48,0.0,600000,0,0.04573259539761142,0.045502125457736964,Top constituents,t5,TRUE
49,1.0,600000,1,0.04937372560442761,0.04925549248105202,Top constituents,t5,TRUE
50,2.0,600000,2,0.04995630643751821,0.04980032668027862,Top constituents,t5,TRUE
51,3.0,600000,3,0.04966501602097291,0.04988921386877266,Top constituents,t5,TRUE
52,4.0,600000,4,0.05199533935333527,0.051756019826765295,Top constituents,t5,TRUE
53,5.0,600000,5,0.048208563938246435,0.04787298840944321,Top constituents,t5,TRUE
54,6.0,600000,6,0.04791727352170114,0.04742178824794782,Top constituents,t5,TRUE
56,0.0,700000,0,0.04762598310515584,0.047513604621571816,Top constituents,t5,TRUE
57,1.0,700000,1,0.04748033789688319,0.04727167464981806,Top constituents,t5,TRUE
58,2.0,700000,2,0.04704340227206525,0.04717547689332171,Top constituents,t5,TRUE
59,3.0,700000,3,0.04791727352170114,0.04775555323301703,Top constituents,t5,TRUE
60,4.0,700000,4,0.04981066122924556,0.04976556457373418,Top constituents,t5,TRUE
61,5.0,700000,5,0.04748033789688319,0.04738473431660788,Top constituents,t5,TRUE
62,6.0,700000,6,0.04995630643751821,0.04984065666981413,Top constituents,t5,TRUE
64,0.0,800000,0,0.04893678997960967,0.04873470300193576,Top constituents,t5,TRUE
65,1.0,800000,1,0.05170404893678998,0.05152592851673945,Top constituents,t5,TRUE
66,2.0,800000,2,0.056219050393242063,0.056122372743325745,Top constituents,t5,TRUE
67,3.0,800000,3,0.04937372560442761,0.0489668691273336,Top constituents,t5,TRUE
68,4.0,800000,4,0.05010195164579085,0.049641211334647585,Top constituents,t5,TRUE
69,5.0,800000,5,0.05170404893678998,0.05102103487941719,Top constituents,t5,TRUE
70,6.0,800000,6,0.04675211185551995,0.046650283037811054,Top constituents,t5,TRUE
72,0.0,900000,0,0.05155840372851733,0.0512883340412011,Top constituents,t5,TRUE
73,1.0,900000,1,0.051412758520244684,0.05128390104618199,Top constituents,t5,TRUE
74,2.0,900000,2,0.04995630643751821,0.049558537181531394,Top constituents,t5,TRUE
75,3.0,900000,3,0.0471890474803379,0.04708471128598121,Top constituents,t5,TRUE
76,4.0,900000,4,0.05170404893678998,0.051225010098149414,Top constituents,t5,TRUE
77,5.0,900000,5,0.04922808039615496,0.04899770083373918,Top constituents,t5,TRUE
78,6.0,900000,6,0.051121468103699386,0.05099791420247642,Top constituents,t5,TRUE
80,0.0,1000000,0,0.048791144771337024,0.048561438388891424,Top constituents,t5,TRUE
81,1.0,1000000,1,0.04777162831342849,0.04765564978754489,Top constituents,t5,TRUE
82,2.0,1000000,2,0.05010195164579085,0.04967480148386827,Top constituents,t5,TRUE
83,3.0,1000000,3,0.051267113311972035,0.05119010360891697,Top constituents,t5,TRUE
84,4.0,1000000,4,0.0505388872706088,0.050668369995498716,Top constituents,t5,TRUE
85,5.0,1000000,5,0.05228662976988057,0.051910131117013744,Top constituents,t5,TRUE
86,6.0,1000000,6,0.048791144771337024,0.04883592908669275,Top constituents,t5,TRUE
88,0.0,1100000,0,0.048645499563064375,0.048411803353651396,Top constituents,t5,TRUE
89,1.0,1100000,1,0.05519953393533353,0.05507695430693008,Top constituents,t5,TRUE
90,2.0,1100000,2,0.04791727352170114,0.04777096992028457,Top constituents,t5,TRUE
91,3.0,1100000,3,0.05228662976988057,0.052096904237819784,Top constituents,t5,TRUE
92,4.0,1100000,4,0.05301485581124381,0.05236349511407593,Top constituents,t5,TRUE
93,5.0,1100000,5,0.05490824351878823,0.054509917934100496,Top constituents,t5,TRUE
94,6.0,1100000,6,0.055490824351878826,0.05528333356079941,Top constituents,t5,TRUE
0,0.0,0,0,0.1706183170618317,0.11903387523766822,Tree depth,t5,TRUE
1,1.0,0,1,0.16771269177126918,0.11742800524391965,Tree depth,t5,TRUE
2,2.0,0,2,0.16608554160855415,0.11636262212092051,Tree depth,t5,TRUE
3,3.0,0,3,0.17480241748024175,0.1218188195355658,Tree depth,t5,TRUE
4,4.0,0,4,0.1798000929800093,0.12357390525464376,Tree depth,t5,TRUE
5,5.0,0,5,0.17503486750348676,0.11787685751094044,Tree depth,t5,TRUE
6,6.0,0,6,0.17154811715481172,0.11817486710105655,Tree depth,t5,TRUE
8,0.0,100000,0,0.1706183170618317,0.1215596858496283,Tree depth,t5,TRUE
9,1.0,100000,1,0.17236169223616923,0.11916315705959993,Tree depth,t5,TRUE
10,2.0,100000,2,0.17305904230590424,0.12305184055203111,Tree depth,t5,TRUE
11,3.0,100000,3,0.1698047419804742,0.11813988018996381,Tree depth,t5,TRUE
12,4.0,100000,4,0.17259414225941422,0.11609096718615056,Tree depth,t5,TRUE
13,5.0,100000,5,0.16748024174802417,0.116604030995919,Tree depth,t5,TRUE
14,6.0,100000,6,0.1713156671315667,0.11644847009820662,Tree depth,t5,TRUE
16,0.0,200000,0,0.16585309158530917,0.1154418132749027,Tree depth,t5,TRUE
17,1.0,200000,1,0.1706183170618317,0.11473406972901239,Tree depth,t5,TRUE
18,2.0,200000,2,0.17364016736401675,0.11291263071004302,Tree depth,t5,TRUE
19,3.0,200000,3,0.17375639237563925,0.11288930145268779,Tree depth,t5,TRUE
20,4.0,200000,4,0.17201301720130172,0.11605224884752792,Tree depth,t5,TRUE
21,5.0,200000,5,0.1689911668991167,0.1092712101924868,Tree depth,t5,TRUE
22,6.0,200000,6,0.1678289167828917,0.11355556730399982,Tree depth,t5,TRUE
24,0.0,300000,0,0.17166434216643423,0.12272425007986353,Tree depth,t5,TRUE
25,1.0,300000,1,0.1707345420734542,0.1162019003873548,Tree depth,t5,TRUE
26,2.0,300000,2,0.17677824267782427,0.11627638072900662,Tree depth,t5,TRUE
27,3.0,300000,3,0.17619711761971177,0.1164609040675496,Tree depth,t5,TRUE
28,4.0,300000,4,0.17794049279404928,0.11469602828618489,Tree depth,t5,TRUE
29,5.0,300000,5,0.17178056717805673,0.11404451339914871,Tree depth,t5,TRUE
30,6.0,300000,6,0.1689911668991167,0.11517235442799123,Tree depth,t5,TRUE
32,0.0,400000,0,0.16875871687587168,0.11971130186741617,Tree depth,t5,TRUE
33,1.0,400000,1,0.1695722919572292,0.11801506826336162,Tree depth,t5,TRUE
34,2.0,400000,2,0.17770804277080426,0.11454034357538412,Tree depth,t5,TRUE
35,3.0,400000,3,0.17549976754997676,0.11610284633272015,Tree depth,t5,TRUE
36,4.0,400000,4,0.1702696420269642,0.1082970827029101,Tree depth,t5,TRUE
37,5.0,400000,5,0.17305904230590424,0.11377693780348334,Tree depth,t5,TRUE
38,6.0,400000,6,0.17329149232914923,0.11789992589570444,Tree depth,t5,TRUE
40,0.0,500000,0,0.17433751743375175,0.12057991756543594,Tree depth,t5,TRUE
41,1.0,500000,1,0.1714318921431892,0.11461781220724765,Tree depth,t5,TRUE
42,2.0,500000,2,0.1694560669456067,0.11963719732574477,Tree depth,t5,TRUE
43,3.0,500000,3,0.17236169223616923,0.1141638706775734,Tree depth,t5,TRUE
44,4.0,500000,4,0.1698047419804742,0.11422071293245097,Tree depth,t5,TRUE
45,5.0,500000,5,0.16736401673640167,0.10809021295583233,Tree depth,t5,TRUE
46,6.0,500000,6,0.1696885169688517,0.11851428027331544,Tree depth,t5,TRUE
48,0.0,600000,0,0.1711994421199442,0.11737580619131124,Tree depth,t5,TRUE
49,1.0,600000,1,0.17340771734077173,0.11756922947626723,Tree depth,t5,TRUE
50,2.0,600000,2,0.17259414225941422,0.1179185518083821,Tree depth,t5,TRUE
51,3.0,600000,3,0.16387726638772665,0.10919281523870138,Tree depth,t5,TRUE
52,4.0,600000,4,0.17271036727103672,0.11259501167932968,Tree depth,t5,TRUE
53,5.0,600000,5,0.1711994421199442,0.11566373810872499,Tree depth,t5,TRUE
54,6.0,600000,6,0.1708507670850767,0.12001999805907385,Tree depth,t5,TRUE
56,0.0,700000,0,0.17491864249186426,0.12450074401720287,Tree depth,t5,TRUE
57,1.0,700000,1,0.1703858670385867,0.11763169180099597,Tree depth,t5,TRUE
58,2.0,700000,2,0.17538354253835425,0.12138987167313012,Tree depth,t5,TRUE
59,3.0,700000,3,0.1781729428172943,0.12020329259013585,Tree depth,t5,TRUE
60,4.0,700000,4,0.1706183170618317,0.1161937232885936,Tree depth,t5,TRUE
61,5.0,700000,5,0.17305904230590424,0.11800495457667051,Tree depth,t5,TRUE
62,6.0,700000,6,0.17329149232914923,0.11997730502843618,Tree depth,t5,TRUE
64,0.0,800000,0,0.16562064156206416,0.11739187382895196,Tree depth,t5,TRUE
65,1.0,800000,1,0.1706183170618317,0.12201663662053318,Tree depth,t5,TRUE
66,2.0,800000,2,0.16585309158530917,0.11182457412316438,Tree depth,t5,TRUE
67,3.0,800000,3,0.16538819153881915,0.11185915147853245,Tree depth,t5,TRUE
68,4.0,800000,4,0.16190144119014413,0.10962060820105982,Tree depth,t5,TRUE
69,5.0,800000,5,0.16875871687587168,0.11220709072781633,Tree depth,t5,TRUE
70,6.0,800000,6,0.1705020920502092,0.12165460958977933,Tree depth,t5,TRUE
72,0.0,900000,0,0.17259414225941422,0.12182929285347996,Tree depth,t5,TRUE
73,1.0,900000,1,0.1684100418410042,0.11400245997162449,Tree depth,t5,TRUE
74,2.0,900000,2,0.17526731752673175,0.11099411063094636,Tree depth,t5,TRUE
75,3.0,900000,3,0.1705020920502092,0.11113693845315793,Tree depth,t5,TRUE
76,4.0,900000,4,0.17654579265457926,0.10986866667298546,Tree depth,t5,TRUE
77,5.0,900000,5,0.1713156671315667,0.11631450469865659,Tree depth,t5,TRUE
78,6.0,900000,6,0.1694560669456067,0.11649472698485308,Tree depth,t5,TRUE
80,0.0,1000000,0,0.17259414225941422,0.12036264185146438,Tree depth,t5,TRUE
81,1.0,1000000,1,0.17317526731752672,0.11514488467161287,Tree depth,t5,TRUE
82,2.0,1000000,2,0.17549976754997676,0.11994534095088417,Tree depth,t5,TRUE
83,3.0,1000000,3,0.17212924221292422,0.12073653842878032,Tree depth,t5,TRUE
84,4.0,1000000,4,0.16922361692236168,0.11151001742680562,Tree depth,t5,TRUE
85,5.0,1000000,5,0.1718967921896792,0.12122975387955241,Tree depth,t5,TRUE
86,6.0,1000000,6,0.16852626685262667,0.12012752048366185,Tree depth,t5,TRUE
88,0.0,1100000,0,0.17305904230590424,0.12497852213452394,Tree depth,t5,TRUE
89,1.0,1100000,1,0.16817759181775918,0.10251293114759572,Tree depth,t5,TRUE
90,2.0,1100000,2,0.17154811715481172,0.11098708957827834,Tree depth,t5,TRUE
91,3.0,1100000,3,0.16817759181775918,0.11428436115771208,Tree depth,t5,TRUE
92,4.0,1100000,4,0.16620176662017666,0.11352049673966084,Tree depth,t5,TRUE
93,5.0,1100000,5,0.16550441655044165,0.11540985151799633,Tree depth,t5,TRUE
94,6.0,1100000,6,0.1718967921896792,0.121407468267301,Tree depth,t5,TRUE
0,0.0,0,0,0.5117192293532948,0.477409789893402,Subject number,t5,TRUE
1,1.0,0,1,0.49637992391704505,0.4929831595829992,Subject number,t5,TRUE
2,2.0,0,2,0.500061357221745,0.345606604994193,Subject number,t5,TRUE
3,3.0,0,3,0.497484353908455,0.4323703161434306,Subject number,t5,TRUE
4,4.0,0,4,0.498588783899865,0.3372153933614875,Subject number,t5,TRUE
5,5.0,0,5,0.498588783899865,0.4313038468443874,Subject number,t5,TRUE
6,6.0,0,6,0.49797521168241504,0.4968926925285071,Subject number,t5,TRUE
8,0.0,100000,0,0.5112283715793349,0.5097065660867354,Subject number,t5,TRUE
9,1.0,100000,1,0.502515646091545,0.4771468413230553,Subject number,t5,TRUE
10,2.0,100000,2,0.505460792735305,0.4702466447283521,Subject number,t5,TRUE
11,3.0,100000,3,0.49588906614308503,0.34898723414847777,Subject number,t5,TRUE
12,4.0,100000,4,0.502024788317585,0.37279241174730104,Subject number,t5,TRUE
13,5.0,100000,5,0.502638360535035,0.3379870216749393,Subject number,t5,TRUE
14,6.0,100000,6,0.505460792735305,0.38193990253309174,Subject number,t5,TRUE
16,0.0,200000,0,0.502761074978525,0.5013791757925141,Subject number,t5,TRUE
17,1.0,200000,1,0.503865504969935,0.49552185090265577,Subject number,t5,TRUE
18,2.0,200000,2,0.49245306172536507,0.48495859835508337,Subject number,t5,TRUE
19,3.0,200000,3,0.496993496134495,0.47249928599814933,Subject number,t5,TRUE
20,4.0,200000,4,0.498343355012885,0.38222233497326763,Subject number,t5,TRUE
21,5.0,200000,5,0.5033746471959749,0.49052829009065335,Subject number,t5,TRUE
22,6.0,200000,6,0.500797643882685,0.48384116309694813,Subject number,t5,TRUE
24,0.0,300000,0,0.503742790526445,0.5028926291537196,Subject number,t5,TRUE
25,1.0,300000,1,0.501165787213155,0.49710800956855006,Subject number,t5,TRUE
26,2.0,300000,2,0.49466192170818507,0.4538747029293954,Subject number,t5,TRUE
27,3.0,300000,3,0.5016566449871149,0.46930532168441363,Subject number,t5,TRUE
28,4.0,300000,4,0.503988219413425,0.4227530939196388,Subject number,t5,TRUE
29,5.0,300000,5,0.501288501656645,0.34288256326614835,Subject number,t5,TRUE
30,6.0,300000,6,0.5059516505092649,0.5045005023279866,Subject number,t5,TRUE
32,0.0,400000,0,0.5112283715793349,0.5104922914994032,Subject number,t5,TRUE
33,1.0,400000,1,0.500429500552215,0.49585790534849505,Subject number,t5,TRUE
34,2.0,400000,2,0.500674929439195,0.5005189614925496,Subject number,t5,TRUE
35,3.0,400000,3,0.503620076082955,0.4664821875918375,Subject number,t5,TRUE
36,4.0,400000,4,0.500184071665235,0.3876014621528238,Subject number,t5,TRUE
37,5.0,400000,5,0.49797521168241504,0.37757941881190177,Subject number,t5,TRUE
38,6.0,400000,6,0.499938642778255,0.40535504622088,Subject number,t5,TRUE
40,0.0,500000,0,0.502024788317585,0.5013889609285191,Subject number,t5,TRUE
41,1.0,500000,1,0.499938642778255,0.48264227795983433,Subject number,t5,TRUE
42,2.0,500000,2,0.49318934838630507,0.4886594093109487,Subject number,t5,TRUE
43,3.0,500000,3,0.5060743649527549,0.4753506050961766,Subject number,t5,TRUE
44,4.0,500000,4,0.49478463615167506,0.48912114972616816,Subject number,t5,TRUE
45,5.0,500000,5,0.49098048840348507,0.4906125900867775,Subject number,t5,TRUE
46,6.0,500000,6,0.4929439194993251,0.49045967430984694,Subject number,t5,TRUE
48,0.0,600000,0,0.498466069456375,0.49779447766926077,Subject number,t5,TRUE
49,1.0,600000,1,0.502515646091545,0.47600351310002087,Subject number,t5,TRUE
50,2.0,600000,2,0.496134495030065,0.4945726190930794,Subject number,t5,TRUE
51,3.0,600000,3,0.501165787213155,0.48898755865858,Subject number,t5,TRUE
52,4.0,600000,4,0.5117192293532948,0.5105634414568527,Subject number,t5,TRUE
53,5.0,600000,5,0.503865504969935,0.4899076077809231,Subject number,t5,TRUE
54,6.0,600000,6,0.5074242238311449,0.4832369195933296,Subject number,t5,TRUE
56,0.0,700000,0,0.5122100871272549,0.5115915432172451,Subject number,t5,TRUE
57,1.0,700000,1,0.49809792612590503,0.48791737086316567,Subject number,t5,TRUE
58,2.0,700000,2,0.49429377837771504,0.4897618111066794,Subject number,t5,TRUE
59,3.0,700000,3,0.4930666339428151,0.48934151282463,Subject number,t5,TRUE
60,4.0,700000,4,0.502024788317585,0.5005753813271859,Subject number,t5,TRUE
61,5.0,700000,5,0.5033746471959749,0.49980928325311313,Subject number,t5,TRUE
62,6.0,700000,6,0.505583507178795,0.5016934773707199,Subject number,t5,TRUE
64,0.0,800000,0,0.5046017916308749,0.5042068366726774,Subject number,t5,TRUE
65,1.0,800000,1,0.501288501656645,0.5007525449042579,Subject number,t5,TRUE
66,2.0,800000,2,0.500306786108725,0.49954948074458505,Subject number,t5,TRUE
67,3.0,800000,3,0.5103693704749049,0.5005783026379816,Subject number,t5,TRUE
68,4.0,800000,4,0.498588783899865,0.4959013310931649,Subject number,t5,TRUE
69,5.0,800000,5,0.503620076082955,0.49648585591930605,Subject number,t5,TRUE
70,6.0,800000,6,0.5060743649527549,0.504796232132034,Subject number,t5,TRUE
72,0.0,900000,0,0.500429500552215,0.4997240869811023,Subject number,t5,TRUE
73,1.0,900000,1,0.497484353908455,0.4972335695691794,Subject number,t5,TRUE
74,2.0,900000,2,0.500797643882685,0.500436841001208,Subject number,t5,TRUE
75,3.0,900000,3,0.5064425082832249,0.5062042517750884,Subject number,t5,TRUE
76,4.0,900000,4,0.49883421278684503,0.49846533979049196,Subject number,t5,TRUE
77,5.0,900000,5,0.498956927230335,0.49861758947694435,Subject number,t5,TRUE
78,6.0,900000,6,0.507301509387655,0.5071300304051798,Subject number,t5,TRUE
80,0.0,1000000,0,0.504233648300405,0.5036928361150206,Subject number,t5,TRUE
81,1.0,1000000,1,0.501043072769665,0.5002084913636127,Subject number,t5,TRUE
82,2.0,1000000,2,0.5031292183089949,0.5024458645455416,Subject number,t5,TRUE
83,3.0,1000000,3,0.499325070560805,0.4984468226843538,Subject number,t5,TRUE
84,4.0,1000000,4,0.5097557982574549,0.5090544622859889,Subject number,t5,TRUE
85,5.0,1000000,5,0.5059516505092649,0.5055679877371708,Subject number,t5,TRUE
86,6.0,1000000,6,0.500184071665235,0.49921756131673,Subject number,t5,TRUE
88,0.0,1100000,0,0.497484353908455,0.4972655637203447,Subject number,t5,TRUE
89,1.0,1100000,1,0.502638360535035,0.5019633739272852,Subject number,t5,TRUE
90,2.0,1100000,2,0.498711498343355,0.49832563799706503,Subject number,t5,TRUE
91,3.0,1100000,3,0.502147502761075,0.5017974731442176,Subject number,t5,TRUE
92,4.0,1100000,4,0.499202356117315,0.4986355349769811,Subject number,t5,TRUE
93,5.0,1100000,5,0.501288501656645,0.5010257456121954,Subject number,t5,TRUE
94,6.0,1100000,6,0.507301509387655,0.5071389398007785,Subject number,t5,TRUE
0,0.0,0,0,0.499,0.4989968687304296,Discourse Coherence,t5,TRUE
1,1.0,0,1,0.49125,0.49088569689648553,Discourse Coherence,t5,TRUE
2,2.0,0,2,0.4945,0.4940597054586754,Discourse Coherence,t5,TRUE
3,3.0,0,3,0.49125,0.4910201637927126,Discourse Coherence,t5,TRUE
4,4.0,0,4,0.49525,0.4945104371764915,Discourse Coherence,t5,TRUE
5,5.0,0,5,0.5005,0.5003289875960047,Discourse Coherence,t5,TRUE
6,6.0,0,6,0.503,0.503,Discourse Coherence,t5,TRUE
8,0.0,100000,0,0.493,0.49258785448480524,Discourse Coherence,t5,TRUE
9,1.0,100000,1,0.518,0.5179998794999698,Discourse Coherence,t5,TRUE
10,2.0,100000,2,0.51075,0.5101920781640337,Discourse Coherence,t5,TRUE
11,3.0,100000,3,0.50125,0.5008229228118982,Discourse Coherence,t5,TRUE
12,4.0,100000,4,0.49675,0.4962260435994712,Discourse Coherence,t5,TRUE
13,5.0,100000,5,0.4965,0.49614616864693234,Discourse Coherence,t5,TRUE
14,6.0,100000,6,0.502,0.5013173033883387,Discourse Coherence,t5,TRUE
16,0.0,200000,0,0.49475,0.494749968421873,Discourse Coherence,t5,TRUE
17,1.0,200000,1,0.50425,0.5040756515962643,Discourse Coherence,t5,TRUE
18,2.0,200000,2,0.5035,0.5033300146975302,Discourse Coherence,t5,TRUE
19,3.0,200000,3,0.5045,0.5044757193102462,Discourse Coherence,t5,TRUE
20,4.0,200000,4,0.51325,0.5127893118436802,Discourse Coherence,t5,TRUE
21,5.0,200000,5,0.49625,0.4959026454166074,Discourse Coherence,t5,TRUE
22,6.0,200000,6,0.5015,0.5014789374851087,Discourse Coherence,t5,TRUE
24,0.0,300000,0,0.483,0.4829626440510327,Discourse Coherence,t5,TRUE
25,1.0,300000,1,0.503,0.5026891807379613,Discourse Coherence,t5,TRUE
26,2.0,300000,2,0.49225,0.4915060415579269,Discourse Coherence,t5,TRUE
27,3.0,300000,3,0.502,0.5011614524014869,Discourse Coherence,t5,TRUE
28,4.0,300000,4,0.5045,0.5037644548632211,Discourse Coherence,t5,TRUE
29,5.0,300000,5,0.498,0.49799686248039043,Discourse Coherence,t5,TRUE
30,6.0,300000,6,0.51025,0.5102166641217017,Discourse Coherence,t5,TRUE
32,0.0,400000,0,0.48325,0.48322283690036455,Discourse Coherence,t5,TRUE
33,1.0,400000,1,0.51125,0.5112497250779704,Discourse Coherence,t5,TRUE
34,2.0,400000,2,0.51275,0.5126936856640495,Discourse Coherence,t5,TRUE
35,3.0,400000,3,0.498,0.4979979919919679,Discourse Coherence,t5,TRUE
36,4.0,400000,4,0.5065,0.5064554576050488,Discourse Coherence,t5,TRUE
37,5.0,400000,5,0.5035,0.5034343291900354,Discourse Coherence,t5,TRUE
38,6.0,400000,6,0.50475,0.5047162897524713,Discourse Coherence,t5,TRUE
40,0.0,500000,0,0.50175,0.5017429932608427,Discourse Coherence,t5,TRUE
41,1.0,500000,1,0.50425,0.5042028682851664,Discourse Coherence,t5,TRUE
42,2.0,500000,2,0.4905,0.49048968241606894,Discourse Coherence,t5,TRUE
43,3.0,500000,3,0.498,0.4979938504246677,Discourse Coherence,t5,TRUE
44,4.0,500000,4,0.50675,0.5067240721840441,Discourse Coherence,t5,TRUE
45,5.0,500000,5,0.49325,0.49316101808123686,Discourse Coherence,t5,TRUE
46,6.0,500000,6,0.505,0.5049226441631505,Discourse Coherence,t5,TRUE
48,0.0,600000,0,0.4805,0.48049987012496753,Discourse Coherence,t5,TRUE
49,1.0,600000,1,0.50275,0.5023804864099398,Discourse Coherence,t5,TRUE
50,2.0,600000,2,0.509,0.5086678594730037,Discourse Coherence,t5,TRUE
51,3.0,600000,3,0.495,0.4949873746843671,Discourse Coherence,t5,TRUE
52,4.0,600000,4,0.5005,0.49986971080303955,Discourse Coherence,t5,TRUE
53,5.0,600000,5,0.4995,0.49945482579802825,Discourse Coherence,t5,TRUE
54,6.0,600000,6,0.4985,0.4984988716224611,Discourse Coherence,t5,TRUE
56,0.0,700000,0,0.50025,0.5001412494805901,Discourse Coherence,t5,TRUE
57,1.0,700000,1,0.51275,0.5126827197579966,Discourse Coherence,t5,TRUE
58,2.0,700000,2,0.4885,0.48811288536956077,Discourse Coherence,t5,TRUE
59,3.0,700000,3,0.48775,0.48773844209859984,Discourse Coherence,t5,TRUE
60,4.0,700000,4,0.49,0.48952513075288284,Discourse Coherence,t5,TRUE
61,5.0,700000,5,0.49925,0.4992497183279666,Discourse Coherence,t5,TRUE
62,6.0,700000,6,0.49275,0.4926857930456823,Discourse Coherence,t5,TRUE
64,0.0,800000,0,0.48525,0.48524971045296217,Discourse Coherence,t5,TRUE
65,1.0,800000,1,0.5045,0.5042144275102459,Discourse Coherence,t5,TRUE
66,2.0,800000,2,0.491,0.49082573510784067,Discourse Coherence,t5,TRUE
67,3.0,800000,3,0.5005,0.500492007872126,Discourse Coherence,t5,TRUE
68,4.0,800000,4,0.50225,0.502055770629031,Discourse Coherence,t5,TRUE
69,5.0,800000,5,0.5005,0.5004955044595402,Discourse Coherence,t5,TRUE
70,6.0,800000,6,0.5045,0.5044876121903048,Discourse Coherence,t5,TRUE
72,0.0,900000,0,0.487,0.48682436563914,Discourse Coherence,t5,TRUE
73,1.0,900000,1,0.50925,0.509243098731076,Discourse Coherence,t5,TRUE
74,2.0,900000,2,0.49925,0.4990921827308216,Discourse Coherence,t5,TRUE
75,3.0,900000,3,0.48525,0.4852445628956956,Discourse Coherence,t5,TRUE
76,4.0,900000,4,0.4985,0.4984998746249687,Discourse Coherence,t5,TRUE
77,5.0,900000,5,0.50725,0.5071760456053438,Discourse Coherence,t5,TRUE
78,6.0,900000,6,0.5065,0.5064289257653102,Discourse Coherence,t5,TRUE
80,0.0,1000000,0,0.49425,0.49409946297145035,Discourse Coherence,t5,TRUE
81,1.0,1000000,1,0.51175,0.5115594776687581,Discourse Coherence,t5,TRUE
82,2.0,1000000,2,0.50675,0.5067499691718731,Discourse Coherence,t5,TRUE
83,3.0,1000000,3,0.49875,0.49871989186350507,Discourse Coherence,t5,TRUE
84,4.0,1000000,4,0.4985,0.4980923254913804,Discourse Coherence,t5,TRUE
85,5.0,1000000,5,0.51225,0.5122243612929904,Discourse Coherence,t5,TRUE
86,6.0,1000000,6,0.506,0.5058812879794371,Discourse Coherence,t5,TRUE
88,0.0,1100000,0,0.50125,0.5010553804143227,Discourse Coherence,t5,TRUE
89,1.0,1100000,1,0.495,0.4949919198707179,Discourse Coherence,t5,TRUE
90,2.0,1100000,2,0.50225,0.5015950647647924,Discourse Coherence,t5,TRUE
91,3.0,1100000,3,0.49575,0.49569701666781363,Discourse Coherence,t5,TRUE
92,4.0,1100000,4,0.497,0.4964005908032035,Discourse Coherence,t5,TRUE
93,5.0,1100000,5,0.505,0.504909769805547,Discourse Coherence,t5,TRUE
94,6.0,1100000,6,0.50075,0.50071601748394,Discourse Coherence,t5,TRUE
32,0.0,0,0,0.16274564074176584,0.08237409342842307,Penn Discourse Treebank,t5,TRUE
33,1.0,0,1,0.2510379186271796,0.05550413115207057,Penn Discourse Treebank,t5,TRUE
34,2.0,0,2,0.21561029615278163,0.06144437312763996,Penn Discourse Treebank,t5,TRUE
35,3.0,0,3,0.25768059784112923,0.05347564031682292,Penn Discourse Treebank,t5,TRUE
36,4.0,0,4,0.271519512870191,0.045628989993486496,Penn Discourse Treebank,t5,TRUE
37,5.0,0,5,0.2717962911707722,0.05008816688278398,Penn Discourse Treebank,t5,TRUE
38,6.0,0,6,0.2717962911707722,0.04783324272250148,Penn Discourse Treebank,t5,TRUE
40,0.0,100000,0,0.19955715471907,0.06551077674053833,Penn Discourse Treebank,t5,TRUE
41,1.0,100000,1,0.21035150844173817,0.06534860861566438,Penn Discourse Treebank,t5,TRUE
42,2.0,100000,2,0.18627179629117077,0.06350603673276686,Penn Discourse Treebank,t5,TRUE
43,3.0,100000,3,0.20536949903127594,0.061141813490270924,Penn Discourse Treebank,t5,TRUE
44,4.0,100000,4,0.2468862441184611,0.05724096804821227,Penn Discourse Treebank,t5,TRUE
45,5.0,100000,5,0.26709106006089123,0.04867833655171528,Penn Discourse Treebank,t5,TRUE
46,6.0,100000,6,0.2687517298643786,0.043538223057276386,Penn Discourse Treebank,t5,TRUE
48,0.0,200000,0,0.21505673955161916,0.05569939976384061,Penn Discourse Treebank,t5,TRUE
49,1.0,200000,1,0.20398560752836978,0.06919974658816556,Penn Discourse Treebank,t5,TRUE
50,2.0,200000,2,0.18378079158593966,0.07010939149835885,Penn Discourse Treebank,t5,TRUE
51,3.0,200000,3,0.20703016883476336,0.06270959326835383,Penn Discourse Treebank,t5,TRUE
52,4.0,200000,4,0.24494879601439248,0.05595562199803008,Penn Discourse Treebank,t5,TRUE
53,5.0,200000,5,0.2646000553556601,0.05376219355697992,Penn Discourse Treebank,t5,TRUE
54,6.0,200000,6,0.2740105175754221,0.0476839710736403,Penn Discourse Treebank,t5,TRUE
56,0.0,300000,0,0.22003874896208137,0.06478577956495857,Penn Discourse Treebank,t5,TRUE
57,1.0,300000,1,0.20924439523941324,0.0762933672091574,Penn Discourse Treebank,t5,TRUE
58,2.0,300000,2,0.16772765015222807,0.06062471969662047,Penn Discourse Treebank,t5,TRUE
59,3.0,300000,3,0.18903957929698312,0.0666820805040672,Penn Discourse Treebank,t5,TRUE
60,4.0,300000,4,0.25020758372543594,0.05086236105973036,Penn Discourse Treebank,t5,TRUE
61,5.0,300000,5,0.2540824799335732,0.054045018440495945,Penn Discourse Treebank,t5,TRUE
62,6.0,300000,6,0.27068917796844727,0.041709523755478616,Penn Discourse Treebank,t5,TRUE
64,0.0,400000,0,0.2241904234707999,0.06263560543511781,Penn Discourse Treebank,t5,TRUE
65,1.0,400000,1,0.2186548574591752,0.06470377402698892,Penn Discourse Treebank,t5,TRUE
66,2.0,400000,2,0.1832272349847772,0.07169879272763609,Penn Discourse Treebank,t5,TRUE
67,3.0,400000,3,0.22003874896208137,0.05742199252105906,Penn Discourse Treebank,t5,TRUE
68,4.0,400000,4,0.2596180459451979,0.047349726828592585,Penn Discourse Treebank,t5,TRUE
69,5.0,400000,5,0.26819817326321616,0.04394871838616954,Penn Discourse Treebank,t5,TRUE
70,6.0,400000,6,0.2759479656794907,0.044896066022070275,Penn Discourse Treebank,t5,TRUE
72,0.0,500000,0,0.2258510932742873,0.061908266928811045,Penn Discourse Treebank,t5,TRUE
73,1.0,500000,1,0.21561029615278163,0.06181871328046066,Penn Discourse Treebank,t5,TRUE
74,2.0,500000,2,0.20675339053418212,0.06742231290282595,Penn Discourse Treebank,t5,TRUE
75,3.0,500000,3,0.24107389980625518,0.060150951814948304,Penn Discourse Treebank,t5,TRUE
76,4.0,500000,4,0.27207306947135346,0.04287339596160067,Penn Discourse Treebank,t5,TRUE
77,5.0,500000,5,0.2756711873789095,0.03913693776654453,Penn Discourse Treebank,t5,TRUE
78,6.0,500000,6,0.27622474398007196,0.03971476551843087,Penn Discourse Treebank,t5,TRUE
80,0.0,600000,0,0.2250207583725436,0.06060784773956318,Penn Discourse Treebank,t5,TRUE
81,1.0,600000,1,0.21367284804871298,0.06305176608619124,Penn Discourse Treebank,t5,TRUE
82,2.0,600000,2,0.19789648491558262,0.06551819143264427,Penn Discourse Treebank,t5,TRUE
83,3.0,600000,3,0.2305563243841683,0.05706814831161346,Penn Discourse Treebank,t5,TRUE
84,4.0,600000,4,0.2659839468585663,0.042328162895565236,Penn Discourse Treebank,t5,TRUE
85,5.0,600000,5,0.27068917796844727,0.04046381319497528,Penn Discourse Treebank,t5,TRUE
86,6.0,600000,6,0.27456407417658457,0.04195969163560013,Penn Discourse Treebank,t5,TRUE
88,0.0,700000,0,0.22557431497370606,0.05915752199555436,Penn Discourse Treebank,t5,TRUE
89,1.0,700000,1,0.21477996125103793,0.07654274520053195,Penn Discourse Treebank,t5,TRUE
90,2.0,700000,2,0.18682535289233324,0.06628759440962918,Penn Discourse Treebank,t5,TRUE
91,3.0,700000,3,0.23526155549404926,0.05989637021550781,Penn Discourse Treebank,t5,TRUE
92,4.0,700000,4,0.2659839468585663,0.044459080239701965,Penn Discourse Treebank,t5,TRUE
93,5.0,700000,5,0.2687517298643786,0.04716390119290952,Penn Discourse Treebank,t5,TRUE
94,6.0,700000,6,0.2740105175754221,0.052681638767948034,Penn Discourse Treebank,t5,TRUE
96,0.0,800000,0,0.22336008856905618,0.05739765575515582,Penn Discourse Treebank,t5,TRUE
97,1.0,800000,1,0.2114586216440631,0.06879031242108233,Penn Discourse Treebank,t5,TRUE
98,2.0,800000,2,0.17077221145862165,0.06763467615106386,Penn Discourse Treebank,t5,TRUE
99,3.0,800000,3,0.23692222529753668,0.05864618896685309,Penn Discourse Treebank,t5,TRUE
100,4.0,800000,4,0.2590644893440354,0.05341693020705413,Penn Discourse Treebank,t5,TRUE
101,5.0,800000,5,0.26543039025740384,0.0448922696505534,Penn Discourse Treebank,t5,TRUE
102,6.0,800000,6,0.27207306947135346,0.04509781444167963,Penn Discourse Treebank,t5,TRUE
104,0.0,900000,0,0.2236368668696374,0.050853343503233776,Penn Discourse Treebank,t5,TRUE
105,1.0,900000,1,0.21920841406033767,0.07073186598883872,Penn Discourse Treebank,t5,TRUE
106,2.0,900000,2,0.18128978688070854,0.0691282073110613,Penn Discourse Treebank,t5,TRUE
107,3.0,900000,3,0.22529753667312483,0.05447416648900557,Penn Discourse Treebank,t5,TRUE
108,4.0,900000,4,0.25297536673124826,0.04236096723411431,Penn Discourse Treebank,t5,TRUE
109,5.0,900000,5,0.2684749515637974,0.043488599668047405,Penn Discourse Treebank,t5,TRUE
110,6.0,900000,6,0.2731801826736784,0.04337582269640825,Penn Discourse Treebank,t5,TRUE
112,0.0,1000000,0,0.22806531967893717,0.06086119528933734,Penn Discourse Treebank,t5,TRUE
113,1.0,1000000,1,0.1962358151120952,0.06879231811571555,Penn Discourse Treebank,t5,TRUE
114,2.0,1000000,2,0.17547744256850262,0.06988023761629965,Penn Discourse Treebank,t5,TRUE
115,3.0,1000000,3,0.23138665928591198,0.0545206644858895,Penn Discourse Treebank,t5,TRUE
116,4.0,1000000,4,0.2524218101300858,0.052419170717614864,Penn Discourse Treebank,t5,TRUE
117,5.0,1000000,5,0.2676446166620537,0.0490142137975619,Penn Discourse Treebank,t5,TRUE
118,6.0,1000000,6,0.2765015222806532,0.04684378924262445,Penn Discourse Treebank,t5,TRUE
120,0.0,1100000,0,0.22972598948242456,0.054501843416058404,Penn Discourse Treebank,t5,TRUE
121,1.0,1100000,1,0.2001107113202325,0.06623425757301109,Penn Discourse Treebank,t5,TRUE
122,2.0,1100000,2,0.1790755604760587,0.0770814670109936,Penn Discourse Treebank,t5,TRUE
123,3.0,1100000,3,0.22944921118184333,0.05757333090678373,Penn Discourse Treebank,t5,TRUE
124,4.0,1100000,4,0.24411846111264876,0.055070253943035614,Penn Discourse Treebank,t5,TRUE
125,5.0,1100000,5,0.26238582895101026,0.048653909464622246,Penn Discourse Treebank,t5,TRUE
126,6.0,1100000,6,0.2748408524771658,0.05186303093028697,Penn Discourse Treebank,t5,TRUE
0,0.0,0,0,0.2382,0.1837167258913774,Connectors,t5,TRUE
1,1.0,0,1,0.2876,0.16661405247400685,Connectors,t5,TRUE
2,2.0,0,2,0.261,0.16701083044299508,Connectors,t5,TRUE
3,3.0,0,3,0.2996,0.17138148452519833,Connectors,t5,TRUE
4,4.0,0,4,0.3108,0.1589833474499202,Connectors,t5,TRUE
5,5.0,0,5,0.3106,0.15928869160178605,Connectors,t5,TRUE
6,6.0,0,6,0.319,0.16911747313819536,Connectors,t5,TRUE
8,0.0,100000,0,0.2624,0.1783436682988273,Connectors,t5,TRUE
9,1.0,100000,1,0.243,0.17756079600159907,Connectors,t5,TRUE
10,2.0,100000,2,0.2444,0.1696152793828923,Connectors,t5,TRUE
11,3.0,100000,3,0.2724,0.181381624475049,Connectors,t5,TRUE
12,4.0,100000,4,0.2784,0.16705173992486808,Connectors,t5,TRUE
13,5.0,100000,5,0.3026,0.1594082294964958,Connectors,t5,TRUE
14,6.0,100000,6,0.304,0.15330998009704688,Connectors,t5,TRUE
16,0.0,200000,0,0.2622,0.17462771608496377,Connectors,t5,TRUE
17,1.0,200000,1,0.2278,0.18645029487063872,Connectors,t5,TRUE
18,2.0,200000,2,0.2562,0.17717277845749746,Connectors,t5,TRUE
19,3.0,200000,3,0.2694,0.17657047348904126,Connectors,t5,TRUE
20,4.0,200000,4,0.2912,0.17842477231891435,Connectors,t5,TRUE
21,5.0,200000,5,0.3044,0.15927311152927864,Connectors,t5,TRUE
22,6.0,200000,6,0.3096,0.15546126619730244,Connectors,t5,TRUE
24,0.0,300000,0,0.266,0.1767576640875433,Connectors,t5,TRUE
25,1.0,300000,1,0.2388,0.1816153665514574,Connectors,t5,TRUE
26,2.0,300000,2,0.24,0.18273557268754145,Connectors,t5,TRUE
27,3.0,300000,3,0.2554,0.18650629003335092,Connectors,t5,TRUE
28,4.0,300000,4,0.3018,0.1632296656758329,Connectors,t5,TRUE
29,5.0,300000,5,0.296,0.1595755084118095,Connectors,t5,TRUE
30,6.0,300000,6,0.3132,0.1585121402353902,Connectors,t5,TRUE
32,0.0,400000,0,0.264,0.17316581513746593,Connectors,t5,TRUE
33,1.0,400000,1,0.2432,0.17547379676141278,Connectors,t5,TRUE
34,2.0,400000,2,0.2286,0.1682664151700985,Connectors,t5,TRUE
35,3.0,400000,3,0.2832,0.1722278244973468,Connectors,t5,TRUE
36,4.0,400000,4,0.3036,0.16535262544484805,Connectors,t5,TRUE
37,5.0,400000,5,0.3098,0.16029856873746356,Connectors,t5,TRUE
38,6.0,400000,6,0.3092,0.15257775364761056,Connectors,t5,TRUE
40,0.0,500000,0,0.27,0.17477307850009058,Connectors,t5,TRUE
41,1.0,500000,1,0.2462,0.1842203448606422,Connectors,t5,TRUE
42,2.0,500000,2,0.2284,0.16849350744194486,Connectors,t5,TRUE
43,3.0,500000,3,0.278,0.16332205918397602,Connectors,t5,TRUE
44,4.0,500000,4,0.3078,0.15797436626900188,Connectors,t5,TRUE
45,5.0,500000,5,0.3128,0.15495825589246107,Connectors,t5,TRUE
46,6.0,500000,6,0.312,0.15329348587393538,Connectors,t5,TRUE
48,0.0,600000,0,0.2662,0.17379179114030008,Connectors,t5,TRUE
49,1.0,600000,1,0.2504,0.179051144322257,Connectors,t5,TRUE
50,2.0,600000,2,0.2548,0.17913535128864377,Connectors,t5,TRUE
51,3.0,600000,3,0.2908,0.1759150208962012,Connectors,t5,TRUE
52,4.0,600000,4,0.3174,0.16333696412914023,Connectors,t5,TRUE
53,5.0,600000,5,0.3134,0.15799620926245866,Connectors,t5,TRUE
54,6.0,600000,6,0.3258,0.16053400454992744,Connectors,t5,TRUE
56,0.0,700000,0,0.2716,0.18308787069938698,Connectors,t5,TRUE
57,1.0,700000,1,0.2414,0.17224537189156103,Connectors,t5,TRUE
58,2.0,700000,2,0.2368,0.17200639578469107,Connectors,t5,TRUE
59,3.0,700000,3,0.2818,0.16899692557377127,Connectors,t5,TRUE
60,4.0,700000,4,0.3046,0.16244862656772177,Connectors,t5,TRUE
61,5.0,700000,5,0.3108,0.15722472886019914,Connectors,t5,TRUE
62,6.0,700000,6,0.3172,0.15612482454588963,Connectors,t5,TRUE
64,0.0,800000,0,0.2756,0.18291192673384435,Connectors,t5,TRUE
65,1.0,800000,1,0.2562,0.18603959067327333,Connectors,t5,TRUE
66,2.0,800000,2,0.2282,0.16414437372048024,Connectors,t5,TRUE
67,3.0,800000,3,0.2812,0.17054251474862445,Connectors,t5,TRUE
68,4.0,800000,4,0.2964,0.16109034037456987,Connectors,t5,TRUE
69,5.0,800000,5,0.302,0.15471921116048967,Connectors,t5,TRUE
70,6.0,800000,6,0.3104,0.152965844233617,Connectors,t5,TRUE
72,0.0,900000,0,0.2708,0.1781688020609215,Connectors,t5,TRUE
73,1.0,900000,1,0.248,0.17993752955950051,Connectors,t5,TRUE
74,2.0,900000,2,0.2352,0.1785659425749032,Connectors,t5,TRUE
75,3.0,900000,3,0.2594,0.17779496141305273,Connectors,t5,TRUE
76,4.0,900000,4,0.295,0.1686307858832743,Connectors,t5,TRUE
77,5.0,900000,5,0.3042,0.16363143446682143,Connectors,t5,TRUE
78,6.0,900000,6,0.3158,0.1585635328898984,Connectors,t5,TRUE
80,0.0,1000000,0,0.2696,0.17866985165855445,Connectors,t5,TRUE
81,1.0,1000000,1,0.2392,0.17910744360976347,Connectors,t5,TRUE
82,2.0,1000000,2,0.2316,0.17145261096467207,Connectors,t5,TRUE
83,3.0,1000000,3,0.2624,0.16993037794016091,Connectors,t5,TRUE
84,4.0,1000000,4,0.2928,0.17141550747830284,Connectors,t5,TRUE
85,5.0,1000000,5,0.3102,0.16581013538649855,Connectors,t5,TRUE
86,6.0,1000000,6,0.3182,0.15833509067091334,Connectors,t5,TRUE
88,0.0,1100000,0,0.2672,0.1743624683182805,Connectors,t5,TRUE
89,1.0,1100000,1,0.2426,0.17732329755671977,Connectors,t5,TRUE
90,2.0,1100000,2,0.2422,0.17562692060037016,Connectors,t5,TRUE
91,3.0,1100000,3,0.264,0.17638419610195535,Connectors,t5,TRUE
92,4.0,1100000,4,0.2956,0.1748081036106273,Connectors,t5,TRUE
93,5.0,1100000,5,0.3012,0.15939126772191453,Connectors,t5,TRUE
94,6.0,1100000,6,0.3086,0.1546713040775487,Connectors,t5,TRUE
0,0.0,0,0,0.20875,0.2078220383408163,Sentence Position,t5,TRUE
1,1.0,0,1,0.2045,0.202606828983409,Sentence Position,t5,TRUE
2,2.0,0,2,0.20225,0.20126680270327557,Sentence Position,t5,TRUE
3,3.0,0,3,0.19975,0.1993284039893266,Sentence Position,t5,TRUE
4,4.0,0,4,0.1865,0.1855894829609355,Sentence Position,t5,TRUE
5,5.0,0,5,0.2,0.19941847423124998,Sentence Position,t5,TRUE
6,6.0,0,6,0.1985,0.19788843570490758,Sentence Position,t5,TRUE
8,0.0,100000,0,0.19475,0.194669517454304,Sentence Position,t5,TRUE
9,1.0,100000,1,0.20225,0.2008043664545788,Sentence Position,t5,TRUE
10,2.0,100000,2,0.2085,0.20829402731840813,Sentence Position,t5,TRUE
11,3.0,100000,3,0.19925,0.19800790577662325,Sentence Position,t5,TRUE
12,4.0,100000,4,0.1945,0.1926859588533515,Sentence Position,t5,TRUE
13,5.0,100000,5,0.19025,0.18915527177565178,Sentence Position,t5,TRUE
14,6.0,100000,6,0.18875,0.18749859082255865,Sentence Position,t5,TRUE
16,0.0,200000,0,0.19725,0.19633211313085067,Sentence Position,t5,TRUE
17,1.0,200000,1,0.1965,0.1963157197963233,Sentence Position,t5,TRUE
18,2.0,200000,2,0.19825,0.19797851754135756,Sentence Position,t5,TRUE
19,3.0,200000,3,0.1905,0.1890167796920557,Sentence Position,t5,TRUE
20,4.0,200000,4,0.19075,0.18993028645657045,Sentence Position,t5,TRUE
21,5.0,200000,5,0.19525,0.19396451796961173,Sentence Position,t5,TRUE
22,6.0,200000,6,0.20325,0.20255474540713067,Sentence Position,t5,TRUE
24,0.0,300000,0,0.1975,0.195881981898629,Sentence Position,t5,TRUE
25,1.0,300000,1,0.19825,0.19751644227270354,Sentence Position,t5,TRUE
26,2.0,300000,2,0.19825,0.1967252759074315,Sentence Position,t5,TRUE
27,3.0,300000,3,0.19525,0.19362633977386684,Sentence Position,t5,TRUE
28,4.0,300000,4,0.19525,0.19312959655549017,Sentence Position,t5,TRUE
29,5.0,300000,5,0.19825,0.19603574227909604,Sentence Position,t5,TRUE
30,6.0,300000,6,0.1945,0.19355105176193035,Sentence Position,t5,TRUE
32,0.0,400000,0,0.2015,0.19868486069146396,Sentence Position,t5,TRUE
33,1.0,400000,1,0.198,0.19737870470172894,Sentence Position,t5,TRUE
34,2.0,400000,2,0.20025,0.19932216533263536,Sentence Position,t5,TRUE
35,3.0,400000,3,0.19825,0.19716904304677976,Sentence Position,t5,TRUE
36,4.0,400000,4,0.189,0.18674440603604028,Sentence Position,t5,TRUE
37,5.0,400000,5,0.18825,0.1867341249444013,Sentence Position,t5,TRUE
38,6.0,400000,6,0.19225,0.1918694155823722,Sentence Position,t5,TRUE
40,0.0,500000,0,0.2,0.19905744712482581,Sentence Position,t5,TRUE
41,1.0,500000,1,0.21075,0.2098406237822274,Sentence Position,t5,TRUE
42,2.0,500000,2,0.19125,0.18923737218195433,Sentence Position,t5,TRUE
43,3.0,500000,3,0.19475,0.19241328262537594,Sentence Position,t5,TRUE
44,4.0,500000,4,0.1905,0.1895087257153448,Sentence Position,t5,TRUE
45,5.0,500000,5,0.203,0.202457651023518,Sentence Position,t5,TRUE
46,6.0,500000,6,0.20275,0.2023971187189119,Sentence Position,t5,TRUE
48,0.0,600000,0,0.19075,0.18764493212612907,Sentence Position,t5,TRUE
49,1.0,600000,1,0.1995,0.19658583134852253,Sentence Position,t5,TRUE
50,2.0,600000,2,0.191,0.19008055421841313,Sentence Position,t5,TRUE
51,3.0,600000,3,0.1945,0.19303644749054438,Sentence Position,t5,TRUE
52,4.0,600000,4,0.20225,0.20186184459858875,Sentence Position,t5,TRUE
53,5.0,600000,5,0.19875,0.1979108066359811,Sentence Position,t5,TRUE
54,6.0,600000,6,0.19525,0.19417379362254544,Sentence Position,t5,TRUE
56,0.0,700000,0,0.204,0.20417817974115696,Sentence Position,t5,TRUE
57,1.0,700000,1,0.2,0.19989079720649697,Sentence Position,t5,TRUE
58,2.0,700000,2,0.19975,0.1993018010077236,Sentence Position,t5,TRUE
59,3.0,700000,3,0.1975,0.19688982357894338,Sentence Position,t5,TRUE
60,4.0,700000,4,0.1885,0.18757672362116684,Sentence Position,t5,TRUE
61,5.0,700000,5,0.19675,0.1954705274869807,Sentence Position,t5,TRUE
62,6.0,700000,6,0.192,0.1895483602348125,Sentence Position,t5,TRUE
64,0.0,800000,0,0.2065,0.20587270356721335,Sentence Position,t5,TRUE
65,1.0,800000,1,0.19925,0.1986688358682995,Sentence Position,t5,TRUE
66,2.0,800000,2,0.19575,0.19432786615131742,Sentence Position,t5,TRUE
67,3.0,800000,3,0.1945,0.19398357609127312,Sentence Position,t5,TRUE
68,4.0,800000,4,0.187,0.18602644852894393,Sentence Position,t5,TRUE
69,5.0,800000,5,0.19575,0.19565304585407803,Sentence Position,t5,TRUE
70,6.0,800000,6,0.188,0.18790508767785358,Sentence Position,t5,TRUE
72,0.0,900000,0,0.19525,0.194200508161683,Sentence Position,t5,TRUE
73,1.0,900000,1,0.19575,0.1944323306472046,Sentence Position,t5,TRUE
74,2.0,900000,2,0.1955,0.19581187217124557,Sentence Position,t5,TRUE
75,3.0,900000,3,0.206,0.2053588779495878,Sentence Position,t5,TRUE
76,4.0,900000,4,0.1925,0.19151833950093272,Sentence Position,t5,TRUE
77,5.0,900000,5,0.198,0.19711322837254464,Sentence Position,t5,TRUE
78,6.0,900000,6,0.1915,0.19095755218867966,Sentence Position,t5,TRUE
80,0.0,1000000,0,0.187,0.18618482472650738,Sentence Position,t5,TRUE
81,1.0,1000000,1,0.20125,0.19980671060243002,Sentence Position,t5,TRUE
82,2.0,1000000,2,0.19925,0.19852773479228264,Sentence Position,t5,TRUE
83,3.0,1000000,3,0.2005,0.19878680671383636,Sentence Position,t5,TRUE
84,4.0,1000000,4,0.19625,0.19380488753396968,Sentence Position,t5,TRUE
85,5.0,1000000,5,0.19875,0.19732012046835512,Sentence Position,t5,TRUE
86,6.0,1000000,6,0.20175,0.2012621500834446,Sentence Position,t5,TRUE
88,0.0,1100000,0,0.199,0.19793698438253238,Sentence Position,t5,TRUE
89,1.0,1100000,1,0.1975,0.19496101885985734,Sentence Position,t5,TRUE
90,2.0,1100000,2,0.195,0.19342119999297125,Sentence Position,t5,TRUE
91,3.0,1100000,3,0.2015,0.19899201158142749,Sentence Position,t5,TRUE
92,4.0,1100000,4,0.20225,0.20049812453119503,Sentence Position,t5,TRUE
93,5.0,1100000,5,0.19,0.18894426735797362,Sentence Position,t5,TRUE
94,6.0,1100000,6,0.1925,0.1920536588479563,Sentence Position,t5,TRUE
,,0,0,0.8127288578901483,0.4483455175067334,Person,t5,TRUE
,,0,1,0.8127288578901483,0.4483455175067334,Person,t5,TRUE
,,0,2,0.8127288578901483,0.4483455175067334,Person,t5,TRUE
,,0,3,0.8127288578901483,0.4483455175067334,Person,t5,TRUE
,,0,4,0.8127288578901483,0.4483455175067334,Person,t5,TRUE
,,0,5,0.8127288578901483,0.4483455175067334,Person,t5,TRUE
,,0,6,0.8127288578901483,0.4483455175067334,Person,t5,TRUE
,,100000,0,0.8127288578901483,0.4483455175067334,Person,t5,TRUE
,,100000,1,0.8127288578901483,0.4483455175067334,Person,t5,TRUE
,,100000,2,0.8127288578901483,0.4483455175067334,Person,t5,TRUE
,,100000,3,0.8127288578901483,0.4483455175067334,Person,t5,TRUE
,,100000,4,0.8127288578901483,0.4483455175067334,Person,t5,TRUE
,,100000,5,0.8127288578901483,0.4483455175067334,Person,t5,TRUE
,,100000,6,0.8127288578901483,0.4483455175067334,Person,t5,TRUE
,,200000,0,0.8127288578901483,0.4483455175067334,Person,t5,TRUE
,,200000,1,0.8127288578901483,0.4483455175067334,Person,t5,TRUE
,,200000,2,0.8127288578901483,0.4483455175067334,Person,t5,TRUE
,,200000,3,0.8127288578901483,0.4483455175067334,Person,t5,TRUE
,,200000,4,0.8127288578901483,0.4483455175067334,Person,t5,TRUE
,,200000,5,0.8127288578901483,0.4483455175067334,Person,t5,TRUE
,,200000,6,0.8127288578901483,0.4483455175067334,Person,t5,TRUE
,,300000,0,0.8127288578901483,0.4483455175067334,Person,t5,TRUE
,,300000,1,0.8127288578901483,0.4483455175067334,Person,t5,TRUE
,,300000,2,0.8127288578901483,0.4483455175067334,Person,t5,TRUE
,,300000,3,0.8127288578901483,0.4483455175067334,Person,t5,TRUE
,,300000,4,0.8127288578901483,0.4483455175067334,Person,t5,TRUE
,,300000,5,0.8127288578901483,0.4483455175067334,Person,t5,TRUE
,,300000,6,0.8127288578901483,0.4483455175067334,Person,t5,TRUE
,,400000,0,0.8127288578901483,0.4483455175067334,Person,t5,TRUE
,,400000,1,0.8127288578901483,0.4483455175067334,Person,t5,TRUE
,,400000,2,0.8127288578901483,0.4483455175067334,Person,t5,TRUE
,,400000,3,0.8127288578901483,0.4483455175067334,Person,t5,TRUE
,,400000,4,0.8127288578901483,0.4483455175067334,Person,t5,TRUE
,,400000,5,0.8127288578901483,0.4483455175067334,Person,t5,TRUE
,,400000,6,0.8127288578901483,0.4483455175067334,Person,t5,TRUE
,,0,0,0.051121468103699386,0.051151745164229455,Top constituents,t5,TRUE
,,0,1,0.05286921060297116,0.05267741490765247,Top constituents,t5,TRUE
,,0,2,0.04748033789688319,0.04729514929387872,Top constituents,t5,TRUE
,,0,3,0.05010195164579085,0.049870164106338426,Top constituents,t5,TRUE
,,0,4,0.05214098456160792,0.052085360149894275,Top constituents,t5,TRUE
,,0,5,0.05286921060297116,0.052879711410773744,Top constituents,t5,TRUE
,,0,6,0.05184969414506263,0.05196158134717242,Top constituents,t5,TRUE
,,100000,0,0.048499854354791726,0.04849248519052193,Top constituents,t5,TRUE
,,100000,1,0.04966501602097291,0.049383610181071694,Top constituents,t5,TRUE
,,100000,2,0.04835420914651908,0.04789141924943764,Top constituents,t5,TRUE
,,100000,3,0.051267113311972035,0.051126388473658205,Top constituents,t5,TRUE
,,100000,4,0.04937372560442761,0.04891858226345143,Top constituents,t5,TRUE
,,100000,5,0.05010195164579085,0.049748635708459554,Top constituents,t5,TRUE
,,100000,6,0.04748033789688319,0.04739691661341036,Top constituents,t5,TRUE
,,200000,0,0.0468977570637926,0.04685239466720272,Top constituents,t5,TRUE
,,200000,1,0.05155840372851733,0.051349617138985906,Top constituents,t5,TRUE
,,200000,2,0.0471890474803379,0.04712461300912936,Top constituents,t5,TRUE
,,200000,3,0.048208563938246435,0.047872806542246134,Top constituents,t5,TRUE
,,200000,4,0.04500436935624818,0.045037058281910805,Top constituents,t5,TRUE
,,200000,5,0.04835420914651908,0.048234036921626464,Top constituents,t5,TRUE
,,200000,6,0.046606466647247304,0.04634804698603363,Top constituents,t5,TRUE
,,300000,0,0.04413049810661229,0.04414469761546304,Top constituents,t5,TRUE
,,300000,1,0.05243227497815322,0.052328303032525225,Top constituents,t5,TRUE
,,300000,2,0.04893678997960967,0.04899870337721682,Top constituents,t5,TRUE
,,300000,3,0.048791144771337024,0.048909014822858254,Top constituents,t5,TRUE
,,300000,4,0.04908243518788232,0.0487298072628936,Top constituents,t5,TRUE
,,300000,5,0.05432566268569764,0.05378946881689113,Top constituents,t5,TRUE
,,300000,6,0.05476259831051558,0.05444275438901776,Top constituents,t5,TRUE
,,400000,0,0.05447130789397029,0.05437713335889367,Top constituents,t5,TRUE
,,400000,1,0.050684532478881446,0.050640333442534866,Top constituents,t5,TRUE
,,400000,2,0.04995630643751821,0.04972511197535874,Top constituents,t5,TRUE
,,400000,3,0.05490824351878823,0.05479593536274539,Top constituents,t5,TRUE
,,400000,4,0.048499854354791726,0.047934634243031043,Top constituents,t5,TRUE
,,400000,5,0.0502475968540635,0.04997252247219368,Top constituents,t5,TRUE
,,400000,6,0.05010195164579085,0.05008590036611441,Top constituents,t5,TRUE
,,0,0,0.17294281729428174,0.1190967750490876,Tree depth,t5,TRUE
,,0,1,0.17271036727103672,0.12225945693085911,Tree depth,t5,TRUE
,,0,2,0.1694560669456067,0.11976991609873275,Tree depth,t5,TRUE
,,0,3,0.16806136680613668,0.12045258858710958,Tree depth,t5,TRUE
,,0,4,0.16294746629474663,0.1159674718701694,Tree depth,t5,TRUE
,,0,5,0.16457461645746166,0.11747584987096557,Tree depth,t5,TRUE
,,0,6,0.16329614132961412,0.11574097215281508,Tree depth,t5,TRUE
,,100000,0,0.1688749418874942,0.11842388665303472,Tree depth,t5,TRUE
,,100000,1,0.1700371920037192,0.12161595752367772,Tree depth,t5,TRUE
,,100000,2,0.16817759181775918,0.1191211803019621,Tree depth,t5,TRUE
,,100000,3,0.16562064156206416,0.11730335223580238,Tree depth,t5,TRUE
,,100000,4,0.16294746629474663,0.11508856141746379,Tree depth,t5,TRUE
,,100000,5,0.16376104137610414,0.11501608011578168,Tree depth,t5,TRUE
,,100000,6,0.1678289167828917,0.11848071446339295,Tree depth,t5,TRUE
,,200000,0,0.16771269177126918,0.11754979230021499,Tree depth,t5,TRUE
,,200000,1,0.16573686657368666,0.11738016001420173,Tree depth,t5,TRUE
,,200000,2,0.17305904230590424,0.1220934022456345,Tree depth,t5,TRUE
,,200000,3,0.17352394235239424,0.1233459457840878,Tree depth,t5,TRUE
,,200000,4,0.1701534170153417,0.12062431023291634,Tree depth,t5,TRUE
,,200000,5,0.16492329149232915,0.11453356768545639,Tree depth,t5,TRUE
,,200000,6,0.16562064156206416,0.11654580437977244,Tree depth,t5,TRUE
,,300000,0,0.16748024174802417,0.11831061948387055,Tree depth,t5,TRUE
,,300000,1,0.1695722919572292,0.12197810689829379,Tree depth,t5,TRUE
,,300000,2,0.16387726638772665,0.11512572303284471,Tree depth,t5,TRUE
,,300000,3,0.16329614132961412,0.11544809218471822,Tree depth,t5,TRUE
,,300000,4,0.1682938168293817,0.12108211326224258,Tree depth,t5,TRUE
,,300000,5,0.16724779172477916,0.11991099407245707,Tree depth,t5,TRUE
,,300000,6,0.16178521617852162,0.11586981724635911,Tree depth,t5,TRUE
,,400000,0,0.16178521617852162,0.1138450041497727,Tree depth,t5,TRUE
,,400000,1,0.17212924221292422,0.12286676600533139,Tree depth,t5,TRUE
,,400000,2,0.16620176662017666,0.11848895306038544,Tree depth,t5,TRUE
,,400000,3,0.1694560669456067,0.12110058803293881,Tree depth,t5,TRUE
,,400000,4,0.1705020920502092,0.12016897501155717,Tree depth,t5,TRUE
,,400000,5,0.1703858670385867,0.1227255597573411,Tree depth,t5,TRUE
,,400000,6,0.1689911668991167,0.12175088376145989,Tree depth,t5,TRUE
,,0,0,0.5046017916308749,0.5042136809481151,Subject number,t5,TRUE
,,0,1,0.5064425082832249,0.5061824677293921,Subject number,t5,TRUE
,,0,2,0.5032519327524849,0.502710049651882,Subject number,t5,TRUE
,,0,3,0.505092649404835,0.5046113616197719,Subject number,t5,TRUE
,,0,4,0.499693213891275,0.4988513325623811,Subject number,t5,TRUE
,,0,5,0.502392931648055,0.5017443894742389,Subject number,t5,TRUE
,,0,6,0.5015339305436249,0.5009148747617599,Subject number,t5,TRUE
,,100000,0,0.5109829426923549,0.51061974443448,Subject number,t5,TRUE
,,100000,1,0.501043072769665,0.5009060978150622,Subject number,t5,TRUE
,,100000,2,0.499447785004295,0.4986454207904458,Subject number,t5,TRUE
,,100000,3,0.5015339305436249,0.5009148747617599,Subject number,t5,TRUE
,,100000,4,0.499693213891275,0.4990322396052328,Subject number,t5,TRUE
,,100000,5,0.5065652227267149,0.5061510232665147,Subject number,t5,TRUE
,,100000,6,0.502883789422015,0.5027241668039344,Subject number,t5,TRUE
,,200000,0,0.503865504969935,0.5030306444811644,Subject number,t5,TRUE
,,200000,1,0.505460792735305,0.5051352781660492,Subject number,t5,TRUE
,,200000,2,0.498588783899865,0.49839782274786193,Subject number,t5,TRUE
,,200000,3,0.497729782795435,0.4974565881706282,Subject number,t5,TRUE
,,200000,4,0.4922076328383851,0.4920285666803529,Subject number,t5,TRUE
,,200000,5,0.4928212050558351,0.49269209808369574,Subject number,t5,TRUE
,,200000,6,0.500552214995705,0.5002043098990874,Subject number,t5,TRUE
,,300000,0,0.49662535280402503,0.49641889624811325,Subject number,t5,TRUE
,,300000,1,0.505092649404835,0.5050850176937258,Subject number,t5,TRUE
,,300000,2,0.5082832249355749,0.5081656400989151,Subject number,t5,TRUE
,,300000,3,0.501043072769665,0.500606286960354,Subject number,t5,TRUE
,,300000,4,0.498588783899865,0.498271266112006,Subject number,t5,TRUE
,,300000,5,0.501165787213155,0.5006574678896227,Subject number,t5,TRUE
,,300000,6,0.49269849061234505,0.49243689836807025,Subject number,t5,TRUE
,,400000,0,0.505338078291815,0.5050030622536279,Subject number,t5,TRUE
,,400000,1,0.5060743649527549,0.5059024588744331,Subject number,t5,TRUE
,,400000,2,0.5061970793962449,0.5058270126235764,Subject number,t5,TRUE
,,400000,3,0.499079641673825,0.49869747193513925,Subject number,t5,TRUE
,,400000,4,0.5074242238311449,0.5072459510818085,Subject number,t5,TRUE
,,400000,5,0.5031292183089949,0.5030789022630404,Subject number,t5,TRUE
,,400000,6,0.503865504969935,0.5037937411159792,Subject number,t5,TRUE
,,0,0,0.49175,0.49174285263386514,Discourse Coherence,t5,TRUE
,,0,1,0.5005,0.5004968781054882,Discourse Coherence,t5,TRUE
,,0,2,0.501,0.50098490479337,Discourse Coherence,t5,TRUE
,,0,3,0.50075,0.5007362390425886,Discourse Coherence,t5,TRUE
,,0,4,0.4975,0.4974898241689394,Discourse Coherence,t5,TRUE
,,0,5,0.4975,0.4975,Discourse Coherence,t5,TRUE
,,0,6,0.4725,0.4724868121703043,Discourse Coherence,t5,TRUE
,,100000,0,0.50675,0.5066981724767459,Discourse Coherence,t5,TRUE
,,100000,1,0.51375,0.5134147123252116,Discourse Coherence,t5,TRUE
,,100000,2,0.496,0.4959938259243676,Discourse Coherence,t5,TRUE
,,100000,3,0.5005,0.5004848896679124,Discourse Coherence,t5,TRUE
,,100000,4,0.507,0.5069969187307419,Discourse Coherence,t5,TRUE
,,100000,5,0.5025,0.5024720140507903,Discourse Coherence,t5,TRUE
,,100000,6,0.50275,0.5027305754131021,Discourse Coherence,t5,TRUE
,,200000,0,0.4985,0.49837158312528007,Discourse Coherence,t5,TRUE
,,200000,1,0.50125,0.5010928130544129,Discourse Coherence,t5,TRUE
,,200000,2,0.49925,0.49918661580606294,Discourse Coherence,t5,TRUE
,,200000,3,0.49875,0.49874295107274946,Discourse Coherence,t5,TRUE
,,200000,4,0.503,0.5029025689035052,Discourse Coherence,t5,TRUE
,,200000,5,0.49725,0.4972497172029659,Discourse Coherence,t5,TRUE
,,200000,6,0.4965,0.49648980391852937,Discourse Coherence,t5,TRUE
,,300000,0,0.50175,0.5017447371787864,Discourse Coherence,t5,TRUE
,,300000,1,0.498,0.4979979919919679,Discourse Coherence,t5,TRUE
,,300000,2,0.501,0.5009820353532728,Discourse Coherence,t5,TRUE
,,300000,3,0.5015,0.5014755723030428,Discourse Coherence,t5,TRUE
,,300000,4,0.50525,0.5052336417872817,Discourse Coherence,t5,TRUE
,,300000,5,0.49425,0.49424845113588156,Discourse Coherence,t5,TRUE
,,300000,6,0.497,0.4969678059395801,Discourse Coherence,t5,TRUE
,,400000,0,0.496,0.49593333718384264,Discourse Coherence,t5,TRUE
,,400000,1,0.4975,0.49744459326640755,Discourse Coherence,t5,TRUE
,,400000,2,0.5015,0.5015,Discourse Coherence,t5,TRUE
,,400000,3,0.4945,0.4944938075491425,Discourse Coherence,t5,TRUE
,,400000,4,0.50175,0.501738757980727,Discourse Coherence,t5,TRUE
,,400000,5,0.515,0.5146719182167145,Discourse Coherence,t5,TRUE
,,400000,6,0.49825,0.49823039962498533,Discourse Coherence,t5,TRUE
,,0,0,0.18045945197896485,0.07805612645802995,Penn Discourse Treebank,t5,TRUE
,,0,1,0.19485192360918904,0.07726412368291848,Penn Discourse Treebank,t5,TRUE
,,0,2,0.19180736230279546,0.07908924656637246,Penn Discourse Treebank,t5,TRUE
,,0,3,0.18433434818710212,0.07630190011558223,Penn Discourse Treebank,t5,TRUE
,,0,4,0.18765568779407693,0.076553405944375,Penn Discourse Treebank,t5,TRUE
,,0,5,0.19319125380570162,0.07585733602906014,Penn Discourse Treebank,t5,TRUE
,,0,6,0.19070024910047054,0.07963368834520584,Penn Discourse Treebank,t5,TRUE
,,100000,0,0.17990589537780238,0.07983217827183607,Penn Discourse Treebank,t5,TRUE
,,100000,1,0.18599501799058954,0.07720245940971215,Penn Discourse Treebank,t5,TRUE
,,100000,2,0.19042347079988928,0.07987665885389007,Penn Discourse Treebank,t5,TRUE
,,100000,3,0.21173539994464435,0.08951260679240325,Penn Discourse Treebank,t5,TRUE
,,100000,4,0.21893163575975644,0.0810693232489472,Penn Discourse Treebank,t5,TRUE
,,100000,5,0.21035150844173817,0.08061217430509164,Penn Discourse Treebank,t5,TRUE
,,100000,6,0.2208690838638251,0.08120202756848792,Penn Discourse Treebank,t5,TRUE
,,200000,0,0.18931635759756435,0.08137700086814174,Penn Discourse Treebank,t5,TRUE
,,200000,1,0.20370882922778855,0.07867085643474732,Penn Discourse Treebank,t5,TRUE
,,200000,2,0.20370882922778855,0.08095611897169495,Penn Discourse Treebank,t5,TRUE
,,200000,3,0.20786050373650705,0.07842794412414529,Penn Discourse Treebank,t5,TRUE
,,200000,4,0.21505673955161916,0.08203856253588136,Penn Discourse Treebank,t5,TRUE
,,200000,5,0.21201217824522559,0.07767984799024281,Penn Discourse Treebank,t5,TRUE
,,200000,6,0.22059230556324383,0.08679245870170536,Penn Discourse Treebank,t5,TRUE
,,300000,0,0.18018267367838361,0.07725280466930941,Penn Discourse Treebank,t5,TRUE
,,300000,1,0.19817326321616385,0.07730583219373961,Penn Discourse Treebank,t5,TRUE
,,300000,2,0.20398560752836978,0.07546687973718043,Penn Discourse Treebank,t5,TRUE
,,300000,3,0.21588707445336286,0.08102962594894117,Penn Discourse Treebank,t5,TRUE
,,300000,4,0.21339606974813174,0.08210770611367409,Penn Discourse Treebank,t5,TRUE
,,300000,5,0.2009410462219762,0.08764205771941876,Penn Discourse Treebank,t5,TRUE
,,300000,6,0.2073069471353446,0.07500846771726406,Penn Discourse Treebank,t5,TRUE
,,400000,0,0.18267367838361473,0.07918259868026921,Penn Discourse Treebank,t5,TRUE
,,400000,1,0.20813728203708828,0.07798033473655923,Penn Discourse Treebank,t5,TRUE
,,400000,2,0.21007473014115693,0.07936331509206439,Penn Discourse Treebank,t5,TRUE
,,400000,3,0.21588707445336286,0.08448817259529785,Penn Discourse Treebank,t5,TRUE
,,400000,4,0.20869083863825075,0.07363267580787561,Penn Discourse Treebank,t5,TRUE
,,400000,5,0.2106282867423194,0.08167295195889195,Penn Discourse Treebank,t5,TRUE
,,400000,6,0.20952117353999447,0.07946737174313306,Penn Discourse Treebank,t5,TRUE
,,0,0,0.2828,0.18903949931096353,Connectors,t5,TRUE
,,0,1,0.2984,0.19340428332772705,Connectors,t5,TRUE
,,0,2,0.2998,0.1964150150129382,Connectors,t5,TRUE
,,0,3,0.3016,0.20058586885239232,Connectors,t5,TRUE
,,0,4,0.289,0.1797500493545185,Connectors,t5,TRUE
,,0,5,0.2988,0.18849508588283745,Connectors,t5,TRUE
,,0,6,0.2852,0.18399311932092857,Connectors,t5,TRUE
,,100000,0,0.277,0.1828376765545948,Connectors,t5,TRUE
,,100000,1,0.2894,0.19104894232404507,Connectors,t5,TRUE
,,100000,2,0.285,0.18843656482498058,Connectors,t5,TRUE
,,100000,3,0.292,0.1855632482910718,Connectors,t5,TRUE
,,100000,4,0.2942,0.16871222894050256,Connectors,t5,TRUE
,,100000,5,0.293,0.18096863703022517,Connectors,t5,TRUE
,,100000,6,0.2898,0.16875528229358955,Connectors,t5,TRUE
,,200000,0,0.2808,0.18348467025878146,Connectors,t5,TRUE
,,200000,1,0.2796,0.18273847094224405,Connectors,t5,TRUE
,,200000,2,0.2844,0.18168445783993564,Connectors,t5,TRUE
,,200000,3,0.289,0.17897236007919973,Connectors,t5,TRUE
,,200000,4,0.29,0.17494823101732715,Connectors,t5,TRUE
,,200000,5,0.293,0.18046216643108678,Connectors,t5,TRUE
,,200000,6,0.299,0.18149829572900575,Connectors,t5,TRUE
,,300000,0,0.28,0.1883225789548629,Connectors,t5,TRUE
,,300000,1,0.2902,0.18715347276848066,Connectors,t5,TRUE
,,300000,2,0.2938,0.18338728897958648,Connectors,t5,TRUE
,,300000,3,0.2926,0.18455778991553254,Connectors,t5,TRUE
,,300000,4,0.2962,0.179970303539455,Connectors,t5,TRUE
,,300000,5,0.2942,0.1821469176649299,Connectors,t5,TRUE
,,300000,6,0.2938,0.17288999139762748,Connectors,t5,TRUE
,,400000,0,0.2818,0.1870413256131821,Connectors,t5,TRUE
,,400000,1,0.2906,0.17382694895482614,Connectors,t5,TRUE
,,400000,2,0.2958,0.18333206913402256,Connectors,t5,TRUE
,,400000,3,0.2942,0.18497069695341123,Connectors,t5,TRUE
,,400000,4,0.296,0.18436556896232986,Connectors,t5,TRUE
,,400000,5,0.2964,0.18628723659860516,Connectors,t5,TRUE
,,400000,6,0.293,0.17951355546405368,Connectors,t5,TRUE
,,0,0,0.18775,0.18789644292227708,Sentence Position,t5,TRUE
,,0,1,0.19675,0.19674040371458884,Sentence Position,t5,TRUE
,,0,2,0.19525,0.19485178177248158,Sentence Position,t5,TRUE
,,0,3,0.2005,0.20047970793022438,Sentence Position,t5,TRUE
,,0,4,0.20575,0.2055344307500056,Sentence Position,t5,TRUE
,,0,5,0.20725,0.2068889175548528,Sentence Position,t5,TRUE
,,0,6,0.2035,0.20347640964733485,Sentence Position,t5,TRUE
,,100000,0,0.20775,0.20773404437403825,Sentence Position,t5,TRUE
,,100000,1,0.19975,0.19967291981739954,Sentence Position,t5,TRUE
,,100000,2,0.19425,0.19407196962201972,Sentence Position,t5,TRUE
,,100000,3,0.1945,0.19429791686070735,Sentence Position,t5,TRUE
,,100000,4,0.195,0.19432018796646405,Sentence Position,t5,TRUE
,,100000,5,0.186,0.18552674500477506,Sentence Position,t5,TRUE
,,100000,6,0.19225,0.1919098401727643,Sentence Position,t5,TRUE
,,200000,0,0.193,0.1929110447786248,Sentence Position,t5,TRUE
,,200000,1,0.193,0.19270013555374602,Sentence Position,t5,TRUE
,,200000,2,0.2035,0.2035113544245843,Sentence Position,t5,TRUE
,,200000,3,0.1945,0.19441836867785436,Sentence Position,t5,TRUE
,,200000,4,0.1965,0.196060549302429,Sentence Position,t5,TRUE
,,200000,5,0.18525,0.185335647348896,Sentence Position,t5,TRUE
,,200000,6,0.20075,0.20074268504110332,Sentence Position,t5,TRUE
,,300000,0,0.1955,0.1953038678663272,Sentence Position,t5,TRUE
,,300000,1,0.18925,0.18937220159734344,Sentence Position,t5,TRUE
,,300000,2,0.1885,0.18835932879762224,Sentence Position,t5,TRUE
,,300000,3,0.1865,0.18641961682872915,Sentence Position,t5,TRUE
,,300000,4,0.187,0.1869240892660034,Sentence Position,t5,TRUE
,,300000,5,0.19475,0.19469918677896694,Sentence Position,t5,TRUE
,,300000,6,0.18525,0.18507343450799787,Sentence Position,t5,TRUE
,,400000,0,0.203,0.2030453790710834,Sentence Position,t5,TRUE
,,400000,1,0.19625,0.19604971012651048,Sentence Position,t5,TRUE
,,400000,2,0.19775,0.19771564680404952,Sentence Position,t5,TRUE
,,400000,3,0.19525,0.19409392645214907,Sentence Position,t5,TRUE
,,400000,4,0.2015,0.19948131866179594,Sentence Position,t5,TRUE
,,400000,5,0.20325,0.20320686652041237,Sentence Position,t5,TRUE
,,400000,6,0.21075,0.2101534674558963,Sentence Position,t5,TRUE
