c1,c2,epoche,layer,accuracy,f1-score,task,model,random
,0,0,0,0.29579265457926546,0.30849685611693795,Tree depth,t5,FALSE
,1,0,1,0.2712691771269177,0.2816554233895711,Tree depth,t5,FALSE
,2,0,2,0.2684797768479777,0.27676515304443616,Tree depth,t5,FALSE
,3,0,3,0.2662715016271502,0.2742592212094441,Tree depth,t5,FALSE
,4,0,4,0.26092515109251513,0.26488010100167825,Tree depth,t5,FALSE
,5,0,5,0.2612738261273826,0.265453248131644,Tree depth,t5,FALSE
,6,0,6,0.26197117619711763,0.26631563836167194,Tree depth,t5,FALSE
,7,20000,0,0.298930729893073,0.31302131956172274,Tree depth,t5,FALSE
,8,20000,1,0.2870757787075779,0.300632116700336,Tree depth,t5,FALSE
,9,20000,2,0.2811483031148303,0.2941804118516749,Tree depth,t5,FALSE
,10,20000,3,0.2807996280799628,0.2920640152316448,Tree depth,t5,FALSE
,11,20000,4,0.27370990237099024,0.2833519616904268,Tree depth,t5,FALSE
,12,20000,5,0.2704556020455602,0.2796994980727306,Tree depth,t5,FALSE
,13,20000,6,0.26673640167364016,0.27330638602690555,Tree depth,t5,FALSE
,14,40000,0,0.29556020455602044,0.3111138136891994,Tree depth,t5,FALSE
,15,40000,1,0.29323570432357043,0.30538608009679785,Tree depth,t5,FALSE
,16,40000,2,0.2859135285913529,0.2997017259290448,Tree depth,t5,FALSE
,17,40000,3,0.28289167828916784,0.2931764985321953,Tree depth,t5,FALSE
,18,40000,4,0.2726638772663877,0.28336105651690674,Tree depth,t5,FALSE
,19,40000,5,0.2716178521617852,0.2821783676630768,Tree depth,t5,FALSE
,20,40000,6,0.2791724779172478,0.2889059559504693,Tree depth,t5,FALSE
,21,60000,0,0.299628079962808,0.3183706212482953,Tree depth,t5,FALSE
,22,60000,1,0.3011390051139005,0.3164005356486988,Tree depth,t5,FALSE
,23,60000,2,0.296838679683868,0.30831703214510586,Tree depth,t5,FALSE
,24,60000,3,0.28556485355648537,0.299657579524515,Tree depth,t5,FALSE
,25,60000,4,0.2795211529521153,0.2920426959014994,Tree depth,t5,FALSE
,26,60000,5,0.2744072524407252,0.2856178287854118,Tree depth,t5,FALSE
,27,60000,6,0.27382612738261275,0.2839691038139345,Tree depth,t5,FALSE
,28,80000,0,0.3002092050209205,0.3165034326308135,Tree depth,t5,FALSE
,29,80000,1,0.2985820548582055,0.3124437920876303,Tree depth,t5,FALSE
,30,80000,2,0.2933519293351929,0.30549505410445205,Tree depth,t5,FALSE
,31,80000,3,0.28881915388191537,0.3021624455547553,Tree depth,t5,FALSE
,32,80000,4,0.2741748024174803,0.2851438925483324,Tree depth,t5,FALSE
,33,80000,5,0.2759181775918177,0.2878837465642788,Tree depth,t5,FALSE
,34,80000,6,0.2670850767085077,0.27403080015068826,Tree depth,t5,FALSE
,35,0,1,0.2723152022315202,0.2801288050337291,Tree depth,t5,FALSE
,36,0,2,0.2708042770804277,0.27855930392896683,Tree depth,t5,FALSE
,37,0,3,0.2702231520223152,0.2757925373429788,Tree depth,t5,FALSE
,38,0,4,0.26522547652254763,0.2716850047770908,Tree depth,t5,FALSE
,39,0,5,0.2688284518828452,0.2746503869537141,Tree depth,t5,FALSE
,40,0,6,0.2640632264063226,0.2695793856156577,Tree depth,t5,FALSE
,41,100000,0,0.30381218038121804,0.31909097181250623,Tree depth,t5,FALSE
,42,100000,1,0.301022780102278,0.3161586146973742,Tree depth,t5,FALSE
,43,100000,2,0.29114365411436544,0.3054374201474937,Tree depth,t5,FALSE
,44,100000,3,0.2899814039981404,0.3013869447964055,Tree depth,t5,FALSE
,45,100000,4,0.28312412831241285,0.29319054238837683,Tree depth,t5,FALSE
,46,100000,5,0.28498372849837283,0.2952894706255717,Tree depth,t5,FALSE
,47,100000,6,0.26231985123198515,0.2691037584778689,Tree depth,t5,FALSE
,48,200000,0,0.3057880055788005,0.32317119246070913,Tree depth,t5,FALSE
,49,200000,1,0.2998605299860529,0.3142905587780125,Tree depth,t5,FALSE
,50,200000,2,0.3004416550441655,0.31533781170641456,Tree depth,t5,FALSE
,51,200000,3,0.301952580195258,0.3101398681737542,Tree depth,t5,FALSE
,52,200000,4,0.2956764295676429,0.30605935969124004,Tree depth,t5,FALSE
,53,200000,5,0.296141329614133,0.30828087950207744,Tree depth,t5,FALSE
,54,200000,6,0.2827754532775453,0.2933218262907507,Tree depth,t5,FALSE
,55,300000,0,0.31206415620641564,0.3289963891546841,Tree depth,t5,FALSE
,56,300000,1,0.2974198047419805,0.3101473287954429,Tree depth,t5,FALSE
,57,300000,2,0.3092747559274756,0.32176068351473663,Tree depth,t5,FALSE
,58,300000,3,0.30602045560204555,0.3200844112618141,Tree depth,t5,FALSE
,59,300000,4,0.29207345420734543,0.3049695307638137,Tree depth,t5,FALSE
,60,300000,5,0.2882380288238029,0.2979504423462854,Tree depth,t5,FALSE
,61,300000,6,0.2876569037656904,0.29976244391276285,Tree depth,t5,FALSE
,62,400000,0,0.3103207810320781,0.3304889239745882,Tree depth,t5,FALSE
,63,400000,1,0.3006741050674105,0.3139485960451203,Tree depth,t5,FALSE
,64,400000,2,0.3067178056717806,0.31941997796099514,Tree depth,t5,FALSE
,65,400000,3,0.3086936308693631,0.32065741874624065,Tree depth,t5,FALSE
,66,400000,4,0.2956764295676429,0.3081373337663399,Tree depth,t5,FALSE
,67,400000,5,0.28637842863784285,0.29569367799189056,Tree depth,t5,FALSE
,68,400000,6,0.2917247791724779,0.30352678447439274,Tree depth,t5,FALSE
,69,500000,0,0.3181078568107857,0.33717749775126377,Tree depth,t5,FALSE
,70,500000,1,0.301255230125523,0.30965011695630623,Tree depth,t5,FALSE
,71,500000,2,0.3034635053463505,0.3142683382050963,Tree depth,t5,FALSE
,72,500000,3,0.3071827057182705,0.3177399651763002,Tree depth,t5,FALSE
,73,500000,4,0.3071827057182705,0.31731688112758066,Tree depth,t5,FALSE
,74,500000,5,0.2918410041841004,0.3004283569699814,Tree depth,t5,FALSE
,75,500000,6,0.2850999535099953,0.2952364501396527,Tree depth,t5,FALSE
,76,600000,0,0.31648070664807065,0.3341591218429605,Tree depth,t5,FALSE
,77,600000,1,0.30299860529986056,0.31416548480608825,Tree depth,t5,FALSE
,78,600000,2,0.3055555555555556,0.3162791612113168,Tree depth,t5,FALSE
,79,600000,3,0.3110181311018131,0.32177646205452765,Tree depth,t5,FALSE
,80,600000,4,0.2918410041841004,0.29907546143146896,Tree depth,t5,FALSE
,81,600000,5,0.2983496048349605,0.3076513313166745,Tree depth,t5,FALSE
,82,600000,6,0.29311947931194793,0.3001522792161994,Tree depth,t5,FALSE
,83,700000,0,0.3167131566713157,0.33345406138774186,Tree depth,t5,FALSE
,84,700000,1,0.3100883310088331,0.3211860738979908,Tree depth,t5,FALSE
,85,700000,2,0.301255230125523,0.30844558606147515,Tree depth,t5,FALSE
,86,700000,3,0.31508600650860064,0.3273871278265487,Tree depth,t5,FALSE
,87,700000,4,0.3081125058112506,0.3175301570200305,Tree depth,t5,FALSE
,88,700000,5,0.30625290562529056,0.3176803313951665,Tree depth,t5,FALSE
,89,700000,6,0.29439795443979544,0.3047226013000131,Tree depth,t5,FALSE
,90,800000,0,0.3160158066015807,0.3353325052216149,Tree depth,t5,FALSE
,91,800000,1,0.3034635053463505,0.3120160212454652,Tree depth,t5,FALSE
,92,800000,2,0.31531845653184565,0.3232658647285403,Tree depth,t5,FALSE
,93,800000,3,0.3084611808461181,0.3125213449909997,Tree depth,t5,FALSE
,94,800000,4,0.300790330079033,0.3107662613725663,Tree depth,t5,FALSE
,95,800000,5,0.29114365411436544,0.2967734771390341,Tree depth,t5,FALSE
,96,800000,6,0.28393770339377034,0.2936369657391097,Tree depth,t5,FALSE
,97,900000,0,0.32659228265922824,0.34384548516572616,Tree depth,t5,FALSE
,98,900000,1,0.30148768014876803,0.3127898275759777,Tree depth,t5,FALSE
,99,900000,2,0.3105532310553231,0.3220555341956637,Tree depth,t5,FALSE
,100,900000,3,0.31322640632264065,0.32410325708105675,Tree depth,t5,FALSE
,101,900000,4,0.3050906555090656,0.3172484253206897,Tree depth,t5,FALSE
,102,900000,5,0.301952580195258,0.3134836571368807,Tree depth,t5,FALSE
,103,900000,6,0.2941655044165504,0.30336679824319435,Tree depth,t5,FALSE
,104,1000000,0,0.31287773128777313,0.3305688348421217,Tree depth,t5,FALSE
,105,1000000,1,0.3018363551836355,0.3130921905213882,Tree depth,t5,FALSE
,106,1000000,2,0.3099721059972106,0.3230694979633892,Tree depth,t5,FALSE
,107,1000000,3,0.3100883310088331,0.32238025012757765,Tree depth,t5,FALSE
,108,1000000,4,0.30497443049744305,0.3162342432776919,Tree depth,t5,FALSE
,109,1000000,5,0.29323570432357043,0.3022100609922447,Tree depth,t5,FALSE
,110,1000000,6,0.2891678289167829,0.2995719876717721,Tree depth,t5,FALSE
,111,1100000,0,0.3217108321710832,0.34072329089085285,Tree depth,t5,FALSE
,112,1100000,1,0.3158995815899582,0.3283389889880131,Tree depth,t5,FALSE
,113,1100000,2,0.31752673175267315,0.3306028028774875,Tree depth,t5,FALSE
,114,1100000,3,0.3249651324965133,0.3365425097673688,Tree depth,t5,FALSE
,115,1100000,4,0.3181078568107857,0.32866364216674576,Tree depth,t5,FALSE
,116,1100000,5,0.2956764295676429,0.3099998109040203,Tree depth,t5,FALSE
,117,1100000,6,0.29311947931194793,0.3061430151826248,Tree depth,t5,FALSE
,0,0,0,0.8242371403661726,0.5939384948397298,Person,t5,FALSE
,1,0,1,0.8221447253705318,0.5701703182754437,Person,t5,FALSE
,2,0,2,0.8184829991281605,0.5570258452879857,Person,t5,FALSE
,3,0,3,0.8193548387096774,0.5594415031661996,Person,t5,FALSE
,4,0,4,0.8197035745422843,0.5597166322557039,Person,t5,FALSE
,5,0,5,0.8197035745422843,0.5573973727422004,Person,t5,FALSE
,6,0,6,0.8179598953792502,0.5453025210696685,Person,t5,FALSE
,7,20000,0,0.8258064516129032,0.6030883136495072,Person,t5,FALSE
,8,20000,1,0.8219703574542284,0.5844063972102576,Person,t5,FALSE
,9,20000,2,0.8202266782911944,0.5761541974553848,Person,t5,FALSE
,10,20000,3,0.8195292066259808,0.5729098469203726,Person,t5,FALSE
,11,20000,4,0.8163905841325196,0.5582578419692411,Person,t5,FALSE
,12,20000,5,0.8179598953792502,0.5672949338729494,Person,t5,FALSE
,13,20000,6,0.8176111595466434,0.559213875407955,Person,t5,FALSE
,14,40000,0,0.8298169136878815,0.6039416206314676,Person,t5,FALSE
,15,40000,1,0.8247602441150829,0.5939143320884457,Person,t5,FALSE
,16,40000,2,0.8247602441150829,0.5953924791407236,Person,t5,FALSE
,17,40000,3,0.8245858761987794,0.5947441724293336,Person,t5,FALSE
,18,40000,4,0.8242371403661726,0.5843119929450219,Person,t5,FALSE
,19,40000,5,0.8230165649520488,0.5811627967383364,Person,t5,FALSE
,20,40000,6,0.8233653007846556,0.5761251146866386,Person,t5,FALSE
,21,60000,0,0.8247602441150829,0.6007044596774322,Person,t5,FALSE
,22,60000,1,0.8249346120313862,0.5999103367347562,Person,t5,FALSE
,23,60000,2,0.8226678291194419,0.5915513631341542,Person,t5,FALSE
,24,60000,3,0.8230165649520488,0.5883677802469005,Person,t5,FALSE
,25,60000,4,0.8228421970357455,0.5815371798738886,Person,t5,FALSE
,26,60000,5,0.8210985178727114,0.5810812003806936,Person,t5,FALSE
,27,60000,6,0.8204010462074979,0.5676291904552775,Person,t5,FALSE
,28,80000,0,0.8273757628596339,0.6059602088275907,Person,t5,FALSE
,29,80000,1,0.8259808195292067,0.6051295700829765,Person,t5,FALSE
,30,80000,2,0.8268526591107236,0.6026298549035225,Person,t5,FALSE
,31,80000,3,0.8197035745422843,0.5804053644804688,Person,t5,FALSE
,32,80000,4,0.8210985178727114,0.5763579619023044,Person,t5,FALSE
,33,80000,5,0.8198779424585876,0.5737351419021689,Person,t5,FALSE
,34,80000,6,0.8172624237140366,0.5543385089943795,Person,t5,FALSE
,35,0,1,0.8235396687009591,0.2413793103448276,Person,t5,FALSE
,36,0,2,0.8212728857890148,0.23105776444111026,Person,t5,FALSE
,37,0,3,0.8190061028770707,0.21482602118003027,Person,t5,FALSE
,38,0,4,0.8188317349607672,0.20626432391138275,Person,t5,FALSE
,39,0,5,0.8191804707933741,0.19425019425019427,Person,t5,FALSE
,40,0,6,0.8188317349607672,0.1876465989053948,Person,t5,FALSE
,41,100000,0,0.8254577157802965,0.30146545708304257,Person,t5,FALSE
,42,100000,1,0.8245858761987794,0.28551136363636365,Person,t5,FALSE
,43,100000,2,0.8228421970357455,0.2855133614627285,Person,t5,FALSE
,44,100000,3,0.8190061028770707,0.26068376068376065,Person,t5,FALSE
,45,100000,4,0.8209241499564081,0.2648532569792412,Person,t5,FALSE
,46,100000,5,0.8167393199651264,0.23452294246176256,Person,t5,FALSE
,47,100000,6,0.8184829991281605,0.22486969471332835,Person,t5,FALSE
,48,200000,0,0.8242371403661726,0.28913963328631875,Person,t5,FALSE
,49,200000,1,0.8282476024411508,0.3048694424841214,Person,t5,FALSE
,50,200000,2,0.8224934612031386,0.2718168812589414,Person,t5,FALSE
,51,200000,3,0.8256320836965998,0.2774566473988439,Person,t5,FALSE
,52,200000,4,0.8223190932868352,0.2534798534798535,Person,t5,FALSE
,53,200000,5,0.8233653007846556,0.2632727272727273,Person,t5,FALSE
,54,200000,6,0.8181342632955536,0.2233804914370812,Person,t5,FALSE
,55,300000,0,0.8240627724498693,0.2968641114982579,Person,t5,FALSE
,56,300000,1,0.8280732345248474,0.32,Person,t5,FALSE
,57,300000,2,0.8240627724498693,0.2997918112421929,Person,t5,FALSE
,58,300000,3,0.8231909328683522,0.2838983050847458,Person,t5,FALSE
,59,300000,4,0.8188317349607672,0.2465554749818709,Person,t5,FALSE
,60,300000,5,0.8197035745422843,0.2582496413199426,Person,t5,FALSE
,61,300000,6,0.8186573670444638,0.2517985611510791,Person,t5,FALSE
,62,400000,0,0.8277244986922406,0.3071528751753156,Person,t5,FALSE
,63,400000,1,0.8275501307759372,0.29808374733853804,Person,t5,FALSE
,64,400000,2,0.8209241499564081,0.28332170272156315,Person,t5,FALSE
,65,400000,3,0.8184829991281605,0.2694736842105263,Person,t5,FALSE
,66,400000,4,0.8210985178727114,0.2618705035971223,Person,t5,FALSE
,67,400000,5,0.8212728857890148,0.2631200575125809,Person,t5,FALSE
,68,400000,6,0.8172624237140366,0.2372634643377001,Person,t5,FALSE
,69,500000,0,0.8233653007846556,0.3094751192910702,Person,t5,FALSE
,70,500000,1,0.8233653007846556,0.2960389159138291,Person,t5,FALSE
,71,500000,2,0.8272013949433304,0.31418685121107265,Person,t5,FALSE
,72,500000,3,0.8238884045335658,0.30055401662049863,Person,t5,FALSE
,73,500000,4,0.8231909328683522,0.2798295454545455,Person,t5,FALSE
,74,500000,5,0.8209241499564081,0.26799714896650034,Person,t5,FALSE
,75,500000,6,0.8177855274629469,0.2344322344322345,Person,t5,FALSE
,76,600000,0,0.8265039232781168,0.31708991077556625,Person,t5,FALSE
,77,600000,1,0.8252833478639929,0.3080110497237569,Person,t5,FALSE
,78,600000,2,0.8237140366172624,0.31457627118644066,Person,t5,FALSE
,79,600000,3,0.8226678291194419,0.2971665514858328,Person,t5,FALSE
,80,600000,4,0.8205754141238012,0.2717622080679405,Person,t5,FALSE
,81,600000,5,0.820052310374891,0.2618025751072961,Person,t5,FALSE
,82,600000,6,0.8179598953792502,0.2357247437774524,Person,t5,FALSE
,83,700000,0,0.8263295553618134,0.3131034482758621,Person,t5,FALSE
,84,700000,1,0.8252833478639929,0.3146374829001368,Person,t5,FALSE
,85,700000,2,0.8284219703574542,0.3269493844049247,Person,t5,FALSE
,86,700000,3,0.8268526591107236,0.2992237120677488,Person,t5,FALSE
,87,700000,4,0.8228421970357455,0.27011494252873564,Person,t5,FALSE
,88,700000,5,0.8216216216216217,0.2624369142033165,Person,t5,FALSE
,89,700000,6,0.8151700087183958,0.22173274596182085,Person,t5,FALSE
,90,800000,0,0.8272013949433304,0.32447171097477845,Person,t5,FALSE
,91,800000,1,0.8252833478639929,0.3192934782608696,Person,t5,FALSE
,92,800000,2,0.8252833478639929,0.3165075034106412,Person,t5,FALSE
,93,800000,3,0.8235396687009591,0.3020689655172414,Person,t5,FALSE
,94,800000,4,0.8231909328683522,0.2798295454545455,Person,t5,FALSE
,95,800000,5,0.8214472537053182,0.26857142857142857,Person,t5,FALSE
,96,800000,6,0.8193548387096774,0.2404692082111437,Person,t5,FALSE
,97,900000,0,0.8256320836965998,0.312242090784044,Person,t5,FALSE
,98,900000,1,0.8228421970357455,0.3031550068587105,Person,t5,FALSE
,99,900000,2,0.8245858761987794,0.3090659340659341,Person,t5,FALSE
,100,900000,3,0.827027027027027,0.3062937062937063,Person,t5,FALSE
,101,900000,4,0.8212728857890148,0.2673338098641887,Person,t5,FALSE
,102,900000,5,0.821795989537925,0.2782485875706215,Person,t5,FALSE
,103,900000,6,0.8144725370531822,0.21994134897360704,Person,t5,FALSE
,104,1000000,0,0.8278988666085441,0.32719836400818,Person,t5,FALSE
,105,1000000,1,0.8231909328683522,0.3045267489711934,Person,t5,FALSE
,106,1000000,2,0.8242371403661726,0.3095890410958904,Person,t5,FALSE
,107,1000000,3,0.8228421970357455,0.2855133614627285,Person,t5,FALSE
,108,1000000,4,0.8228421970357455,0.2722063037249284,Person,t5,FALSE
,109,1000000,5,0.8193548387096774,0.261055634807418,Person,t5,FALSE
,110,1000000,6,0.8188317349607672,0.2377109317681585,Person,t5,FALSE
,111,1100000,0,0.8266782911944203,0.3144827586206897,Person,t5,FALSE
,112,1100000,1,0.8252833478639929,0.3146374829001368,Person,t5,FALSE
,113,1100000,2,0.8254577157802965,0.3034098816979819,Person,t5,FALSE
,114,1100000,3,0.8219703574542284,0.2894919972164231,Person,t5,FALSE
,115,1100000,4,0.821795989537925,0.2782485875706215,Person,t5,FALSE
,116,1100000,5,0.8195292066259808,0.267515923566879,Person,t5,FALSE
,117,1100000,6,0.8209241499564081,0.2595529920692141,Person,t5,FALSE
,0,0,0,0.621176813282843,0.610555978750205,Top constituents,t5,FALSE
,1,0,1,0.6454995630643752,0.6350153445997411,Top constituents,t5,FALSE
,2,0,2,0.6392368191086514,0.6278028247123173,Top constituents,t5,FALSE
,3,0,3,0.6351587532770172,0.6239126153292547,Top constituents,t5,FALSE
,4,0,4,0.6286047189047479,0.6176987556919024,Top constituents,t5,FALSE
,5,0,5,0.625691814739295,0.6142441927447712,Top constituents,t5,FALSE
,6,0,6,0.6111272939120302,0.6000378084756001,Top constituents,t5,FALSE
,7,20000,0,0.624089717448296,0.6135191328491619,Top constituents,t5,FALSE
,8,20000,1,0.6181182639091174,0.60553473755829,Top constituents,t5,FALSE
,9,20000,2,0.6233614914069328,0.6116413894134539,Top constituents,t5,FALSE
,10,20000,3,0.6012234197494902,0.5882581114682127,Top constituents,t5,FALSE
,11,20000,4,0.5830177687154092,0.5696132088664345,Top constituents,t5,FALSE
,12,20000,5,0.5713661520535974,0.5582263451156206,Top constituents,t5,FALSE
,13,20000,6,0.5503932420623362,0.5357624649681835,Top constituents,t5,FALSE
,14,40000,0,0.6329740751529275,0.6226624531420496,Top constituents,t5,FALSE
,15,40000,1,0.612875036411302,0.6012210986684381,Top constituents,t5,FALSE
,16,40000,2,0.6315176230702011,0.6206144271284261,Top constituents,t5,FALSE
,17,40000,3,0.6143314884940285,0.6034330220315341,Top constituents,t5,FALSE
,18,40000,4,0.605884066414215,0.5949836859551986,Top constituents,t5,FALSE
,19,40000,5,0.5987474512088552,0.5868284896693193,Top constituents,t5,FALSE
,20,40000,6,0.5747159918438683,0.5625326161670454,Top constituents,t5,FALSE
,21,60000,0,0.6389455286921061,0.6283587783224893,Top constituents,t5,FALSE
,22,60000,1,0.6221963297407516,0.6115016848234068,Top constituents,t5,FALSE
,23,60000,2,0.6232158461986601,0.6121261195947675,Top constituents,t5,FALSE
,24,60000,3,0.6047189047480338,0.5930687918873592,Top constituents,t5,FALSE
,25,60000,4,0.5894261578794058,0.5765184351593697,Top constituents,t5,FALSE
,26,60000,5,0.5774832508010487,0.564033223062605,Top constituents,t5,FALSE
,27,60000,6,0.5450043693562482,0.5298188726134749,Top constituents,t5,FALSE
,28,80000,0,0.6431692397320128,0.634105536621371,Top constituents,t5,FALSE
,29,80000,1,0.6249635886979319,0.6152550249296466,Top constituents,t5,FALSE
,30,80000,2,0.6195747159918439,0.6084291958225932,Top constituents,t5,FALSE
,31,80000,3,0.6055927759976697,0.594928332958785,Top constituents,t5,FALSE
,32,80000,4,0.5869501893387707,0.5740235360887159,Top constituents,t5,FALSE
,33,80000,5,0.5681619574715991,0.5544882194548449,Top constituents,t5,FALSE
,34,80000,6,0.5282551704048937,0.5133758794643588,Top constituents,t5,FALSE
,0,0,1,0.6456452082726478,0.6400962528366134,Top constituents,t5,FALSE
,1,0,2,0.6374890766093796,0.6317699630186688,Top constituents,t5,FALSE
,2,0,3,0.6245266530731141,0.6187924006117864,Top constituents,t5,FALSE
,3,0,4,0.623652781823478,0.6160024991317762,Top constituents,t5,FALSE
,4,0,5,0.6175356830760268,0.6082503226169306,Top constituents,t5,FALSE
,5,0,6,0.6054471307893969,0.5962024170716107,Top constituents,t5,FALSE
,6,100000,0,0.6351587532770172,0.6297800849201568,Top constituents,t5,FALSE
,7,100000,1,0.6179726187008447,0.6112138335958456,Top constituents,t5,FALSE
,8,100000,2,0.6048645499563065,0.5972116517882475,Top constituents,t5,FALSE
,9,100000,3,0.5684532478881444,0.5598548921587838,Top constituents,t5,FALSE
,10,100000,4,0.5524322749781532,0.5415012770924232,Top constituents,t5,FALSE
,11,100000,5,0.5311680745703466,0.5190506624219559,Top constituents,t5,FALSE
,12,100000,6,0.4890766093795514,0.4795342736751429,Top constituents,t5,FALSE
,13,200000,0,0.6523448878531897,0.6473199963854153,Top constituents,t5,FALSE
,14,200000,1,0.6379260122341975,0.63187336890935,Top constituents,t5,FALSE
,15,200000,2,0.6217593941159336,0.6144859486221672,Top constituents,t5,FALSE
,16,200000,3,0.6026798718322167,0.5955682863615894,Top constituents,t5,FALSE
,17,200000,4,0.5838916399650451,0.5738040543081745,Top constituents,t5,FALSE
,18,200000,5,0.5534517914360617,0.5434087740692389,Top constituents,t5,FALSE
,19,200000,6,0.5212642004078066,0.5117745351677023,Top constituents,t5,FALSE
,20,300000,0,0.6533644043110982,0.6495475803086046,Top constituents,t5,FALSE
,21,300000,1,0.6338479464025634,0.6260449462765444,Top constituents,t5,FALSE
,22,300000,2,0.6233614914069328,0.6167825968741032,Top constituents,t5,FALSE
,23,300000,3,0.6227789105738422,0.6142834852780934,Top constituents,t5,FALSE
,24,300000,4,0.5945237401689485,0.5857496354586297,Top constituents,t5,FALSE
,25,300000,5,0.5838916399650451,0.5759272809978339,Top constituents,t5,FALSE
,26,300000,6,0.5616079230993299,0.5515071990970255,Top constituents,t5,FALSE
,27,400000,0,0.6565685988930964,0.6516852360181851,Top constituents,t5,FALSE
,28,400000,1,0.6302068161957471,0.6250185245705289,Top constituents,t5,FALSE
,29,400000,2,0.6286047189047479,0.6220877249943888,Top constituents,t5,FALSE
,30,400000,3,0.6300611709874745,0.6225524487335814,Top constituents,t5,FALSE
,31,400000,4,0.5959801922516749,0.5895854021020376,Top constituents,t5,FALSE
,32,400000,5,0.5932129332944946,0.5831680410427158,Top constituents,t5,FALSE
,33,400000,6,0.5652490533061463,0.5546142815869357,Top constituents,t5,FALSE
,34,500000,0,0.6618118263909117,0.6570846310011984,Top constituents,t5,FALSE
,35,500000,1,0.6334110107777454,0.6306679941139658,Top constituents,t5,FALSE
,36,500000,2,0.6310806874453829,0.6256489651116308,Top constituents,t5,FALSE
,37,500000,3,0.6399650451500145,0.6322180943613533,Top constituents,t5,FALSE
,38,500000,4,0.5997669676667637,0.5948786729117195,Top constituents,t5,FALSE
,39,500000,5,0.5876784153801341,0.5796616926049295,Top constituents,t5,FALSE
,40,500000,6,0.5668511505971453,0.5597781423867566,Top constituents,t5,FALSE
,41,600000,0,0.6581706961840955,0.6531206325623532,Top constituents,t5,FALSE
,42,600000,1,0.6271482668220215,0.6208150819203981,Top constituents,t5,FALSE
,43,600000,2,0.6360326245266531,0.6291313717076149,Top constituents,t5,FALSE
,44,600000,3,0.6390911739003787,0.6322155747312789,Top constituents,t5,FALSE
,45,600000,4,0.6141858432857559,0.6069317223030792,Top constituents,t5,FALSE
,46,600000,5,0.6090882609962133,0.6030737114818663,Top constituents,t5,FALSE
,47,600000,6,0.5828721235071366,0.5746546811569186,Top constituents,t5,FALSE
,48,700000,0,0.6653073113894553,0.6610037691465885,Top constituents,t5,FALSE
,49,700000,1,0.6271482668220215,0.6206741828644933,Top constituents,t5,FALSE
,50,700000,2,0.6376347218176522,0.6287709074446587,Top constituents,t5,FALSE
,51,700000,3,0.6465190795222837,0.6416554012415651,Top constituents,t5,FALSE
,52,700000,4,0.626128750364113,0.6200701851193691,Top constituents,t5,FALSE
,53,700000,5,0.6147684241188465,0.6089145033902045,Top constituents,t5,FALSE
,54,700000,6,0.5836003495484998,0.5745517951892332,Top constituents,t5,FALSE
,55,800000,0,0.6637052140984562,0.6601330748943688,Top constituents,t5,FALSE
,56,800000,1,0.6281677832799301,0.6224836931577495,Top constituents,t5,FALSE
,57,800000,2,0.6479755316050102,0.6401232011089937,Top constituents,t5,FALSE
,58,800000,3,0.6504515001456452,0.642506200320778,Top constituents,t5,FALSE
,59,800000,4,0.6233614914069328,0.6138056558577983,Top constituents,t5,FALSE
,60,800000,5,0.6184095543256627,0.6130541938849641,Top constituents,t5,FALSE
,61,800000,6,0.5946693853772211,0.5859625665002413,Top constituents,t5,FALSE
,62,900000,0,0.6704048936789979,0.6657778299316062,Top constituents,t5,FALSE
,63,900000,1,0.6357413341101078,0.6295001099769467,Top constituents,t5,FALSE
,64,900000,2,0.6529274686862803,0.6442594615796889,Top constituents,t5,FALSE
,65,900000,3,0.6500145645208273,0.6438471708276432,Top constituents,t5,FALSE
,66,900000,4,0.6302068161957471,0.6236671795770881,Top constituents,t5,FALSE
,67,900000,5,0.6251092339062044,0.6191696681619575,Top constituents,t5,FALSE
,68,900000,6,0.6093795514127586,0.6014024103815033,Top constituents,t5,FALSE
,69,1000000,0,0.6680745703466356,0.6627417219397465,Top constituents,t5,FALSE
,70,1000000,1,0.6415671424410136,0.6338704946989646,Top constituents,t5,FALSE
,71,1000000,2,0.6478298863967376,0.6422926767557191,Top constituents,t5,FALSE
,72,1000000,3,0.6583163413923682,0.6529934725571132,Top constituents,t5,FALSE
,73,1000000,4,0.636906495776289,0.6326032093094078,Top constituents,t5,FALSE
,74,1000000,5,0.6258374599475677,0.621396350458935,Top constituents,t5,FALSE
,75,1000000,6,0.6141858432857559,0.6084122396725657,Top constituents,t5,FALSE
,76,1100000,0,0.6655986018060006,0.6604299795091264,Top constituents,t5,FALSE
,77,1100000,1,0.6428779493154675,0.6384980245115167,Top constituents,t5,FALSE
,78,1100000,2,0.6648703757646374,0.6594628316230292,Top constituents,t5,FALSE
,79,1100000,3,0.6676376347218177,0.6611708094120462,Top constituents,t5,FALSE
,80,1100000,4,0.6471016603553743,0.6403785787175398,Top constituents,t5,FALSE
,81,1100000,5,0.6390911739003787,0.6322753456842872,Top constituents,t5,FALSE
,82,1100000,6,0.6172443926594815,0.6112877655842738,Top constituents,t5,FALSE
,0,0,0,0.7037673334151429,0.7036786193300065,Subject number,t5,FALSE
,1,0,1,0.7199656399558227,0.7198793801416907,Subject number,t5,FALSE
,2,0,2,0.7124800589029329,0.7124384703029283,Subject number,t5,FALSE
,3,0,3,0.7095349122591729,0.7094945952741679,Subject number,t5,FALSE
,4,0,4,0.7073260522763529,0.7073175194394516,Subject number,t5,FALSE
,5,0,5,0.7000859001104429,0.7000656248140108,Subject number,t5,FALSE
,6,0,6,0.6981224690146031,0.6981008243194726,Subject number,t5,FALSE
,7,20000,0,0.7096576267026629,0.7095802659351667,Subject number,t5,FALSE
,8,20000,1,0.7187384955209228,0.718693554234745,Subject number,t5,FALSE
,9,20000,2,0.7144434899987728,0.7144224177173878,Subject number,t5,FALSE
,10,20000,3,0.7156706344336728,0.7156681681709945,Subject number,t5,FALSE
,11,20000,4,0.7086759111547429,0.7086485293063429,Subject number,t5,FALSE
,12,20000,5,0.7070806233893729,0.7070695954130628,Subject number,t5,FALSE
,13,20000,6,0.7030310467542029,0.7030261766594115,Subject number,t5,FALSE
,14,40000,0,0.7086759111547429,0.7085959361074662,Subject number,t5,FALSE
,15,40000,1,0.7203337832862928,0.7202933306958488,Subject number,t5,FALSE
,16,40000,2,0.7291692232175727,0.7291064992790797,Subject number,t5,FALSE
,17,40000,3,0.7254877899128728,0.7254480828287028,Subject number,t5,FALSE
,18,40000,4,0.7215609277211927,0.721502532591253,Subject number,t5,FALSE
,19,40000,5,0.7210700699472328,0.7210263625572564,Subject number,t5,FALSE
,20,40000,6,0.7154252055466929,0.7154017369539264,Subject number,t5,FALSE
,21,60000,0,0.7207019266167628,0.7206275085665423,Subject number,t5,FALSE
,22,60000,1,0.7259786476868327,0.725940613116695,Subject number,t5,FALSE
,23,60000,2,0.7355503742790527,0.7355151819654289,Subject number,t5,FALSE
,24,60000,3,0.7346913731746226,0.7346625044338033,Subject number,t5,FALSE
,25,60000,4,0.7284329365566328,0.7284151215979013,Subject number,t5,FALSE
,26,60000,5,0.7275739354522027,0.7275576519777227,Subject number,t5,FALSE
,27,60000,6,0.7192293532948828,0.7192114885255825,Subject number,t5,FALSE
,28,80000,0,0.7249969321389127,0.7249311703173618,Subject number,t5,FALSE
,29,80000,1,0.7321143698613327,0.7321116428188771,Subject number,t5,FALSE
,30,80000,2,0.7464719597496625,0.7464516128643612,Subject number,t5,FALSE
,31,80000,3,0.7419315253405325,0.7418971822149871,Subject number,t5,FALSE
,32,80000,4,0.7330960854092526,0.7330868247084956,Subject number,t5,FALSE
,33,80000,5,0.7291692232175727,0.729168635927292,Subject number,t5,FALSE
,34,80000,6,0.7146889188857528,0.7146653895721771,Subject number,t5,FALSE
,35,0,0,0.7016811878758129,0.6994763285005687,Subject number,t5,FALSE
,36,0,1,0.5275493925635047,0.4329102616660123,Subject number,t5,FALSE
,37,0,2,0.5109829426923549,0.3892597635217906,Subject number,t5,FALSE
,38,0,3,0.5140508037796049,0.4517510238498713,Subject number,t5,FALSE
,39,0,4,0.5194502392931648,0.4411063862579163,Subject number,t5,FALSE
,40,0,5,0.5395754080255246,0.5390272835112693,Subject number,t5,FALSE
,41,0,6,0.5369984047122346,0.5127471913038821,Subject number,t5,FALSE
,42,100000,0,0.7322370843048227,0.7318663797746952,Subject number,t5,FALSE
,43,100000,1,0.698613326788563,0.6948665599281071,Subject number,t5,FALSE
,44,100000,2,0.6468278316357835,0.6207464842173842,Subject number,t5,FALSE
,45,100000,3,0.597742054239784,0.5440242792652175,Subject number,t5,FALSE
,46,100000,4,0.6617989937415634,0.6606362243110591,Subject number,t5,FALSE
,47,100000,5,0.6551724137931034,0.6540556544801479,Subject number,t5,FALSE
,48,100000,6,0.5788440299423242,0.5128671606383313,Subject number,t5,FALSE
,49,200000,0,0.7495398208369125,0.7493827619053144,Subject number,t5,FALSE
,50,200000,1,0.7343232298441527,0.7337442578718921,Subject number,t5,FALSE
,51,200000,2,0.7457356730887226,0.7450935492305732,Subject number,t5,FALSE
,52,200000,3,0.7420542397840226,0.7420191786469954,Subject number,t5,FALSE
,53,200000,4,0.6702662903423733,0.6466673868964281,Subject number,t5,FALSE
,54,200000,5,0.6946864645968831,0.6816836456640725,Subject number,t5,FALSE
,55,200000,6,0.7155479199901829,0.7129245330045764,Subject number,t5,FALSE
,56,300000,0,0.7567799730028224,0.756563507051516,Subject number,t5,FALSE
,57,300000,1,0.7420542397840226,0.7376401753239966,Subject number,t5,FALSE
,58,300000,2,0.7731009939869923,0.7730955269198891,Subject number,t5,FALSE
,59,300000,3,0.7657381273775924,0.7638430021899161,Subject number,t5,FALSE
,60,300000,4,0.7746962817523623,0.7746016198784929,Subject number,t5,FALSE
,61,300000,5,0.7371456620444227,0.7312496974565659,Subject number,t5,FALSE
,62,300000,6,0.7389863786967726,0.7387482999082758,Subject number,t5,FALSE
,63,400000,0,0.7661062707080624,0.7658734034857202,Subject number,t5,FALSE
,64,400000,1,0.7610749785249724,0.7610602404848461,Subject number,t5,FALSE
,65,400000,2,0.7562891152288624,0.7545953567690553,Subject number,t5,FALSE
,66,400000,3,0.7150570622162229,0.7006962166515217,Subject number,t5,FALSE
,67,400000,4,0.7383728064793226,0.7309109465796446,Subject number,t5,FALSE
,68,400000,5,0.7605841207510124,0.760017409972938,Subject number,t5,FALSE
,69,400000,6,0.7236470732605228,0.7186782728431755,Subject number,t5,FALSE
,70,500000,0,0.7721192784390722,0.7719147902912679,Subject number,t5,FALSE
,71,500000,1,0.7641428396122224,0.7631522772823179,Subject number,t5,FALSE
,72,500000,2,0.7680697018039023,0.7663899738990838,Subject number,t5,FALSE
,73,500000,3,0.7717511351086023,0.7704092297636319,Subject number,t5,FALSE
,74,500000,4,0.7478218186280525,0.7415645919650118,Subject number,t5,FALSE
,75,500000,5,0.7257332187998528,0.7159812507546655,Subject number,t5,FALSE
,76,500000,6,0.7544483985765125,0.7542593884044375,Subject number,t5,FALSE
,77,600000,0,0.7715057062216223,0.7711809478930738,Subject number,t5,FALSE
,78,600000,1,0.7771505706221622,0.7771454662532822,Subject number,t5,FALSE
,79,600000,2,0.7836544361271321,0.7836256453851745,Subject number,t5,FALSE
,80,600000,3,0.7500306786108725,0.7423160145624286,Subject number,t5,FALSE
,81,600000,4,0.7243833599214627,0.7109138976865725,Subject number,t5,FALSE
,82,600000,5,0.7528531108111425,0.7476602576521028,Subject number,t5,FALSE
,83,600000,6,0.7529758252546325,0.7520646883305587,Subject number,t5,FALSE
,84,700000,0,0.7751871395263222,0.7749870559628543,Subject number,t5,FALSE
,85,700000,1,0.7769051417351822,0.7761700469715771,Subject number,t5,FALSE
,86,700000,2,0.7858632961099521,0.7855569553664707,Subject number,t5,FALSE
,87,700000,3,0.792489876058412,0.7920424206956016,Subject number,t5,FALSE
,88,700000,4,0.7880721560927721,0.7877570302833288,Subject number,t5,FALSE
,89,700000,5,0.7696649895692723,0.7680879111162149,Subject number,t5,FALSE
,90,700000,6,0.7589888329856425,0.7581249790687584,Subject number,t5,FALSE
,91,800000,0,0.7777641428396123,0.7775807444736131,Subject number,t5,FALSE
,92,800000,1,0.7788685728310222,0.7787800631374395,Subject number,t5,FALSE
,93,800000,2,0.7847588661185422,0.7845887557841484,Subject number,t5,FALSE
,94,800000,3,0.7737145662044422,0.7708888091171969,Subject number,t5,FALSE
,95,800000,4,0.796662167137072,0.7966619711669118,Subject number,t5,FALSE
,96,800000,5,0.7754325684133022,0.7740951973875719,Subject number,t5,FALSE
,97,800000,6,0.7489262486194626,0.7473136169645238,Subject number,t5,FALSE
,98,900000,0,0.7769051417351822,0.7767773217091276,Subject number,t5,FALSE
,99,900000,1,0.7827954350227022,0.7827789454280618,Subject number,t5,FALSE
,100,900000,2,0.7988710271198921,0.7988683011917979,Subject number,t5,FALSE
,101,900000,3,0.8020616026506321,0.8020385172504838,Subject number,t5,FALSE
,102,900000,4,0.8040250337464719,0.8040144090138879,Subject number,t5,FALSE
,103,900000,5,0.7934715916063321,0.7934603947215862,Subject number,t5,FALSE
,104,900000,6,0.7732237084304823,0.7732179676925606,Subject number,t5,FALSE
,105,1000000,0,0.7756779973002822,0.7755217391880913,Subject number,t5,FALSE
,106,1000000,1,0.7820591483617622,0.7820570971329275,Subject number,t5,FALSE
,107,1000000,2,0.796662167137072,0.7966453980735902,Subject number,t5,FALSE
,108,1000000,3,0.8115106147993619,0.8115053663952628,Subject number,t5,FALSE
,109,1000000,4,0.8074610381641919,0.8074519451775306,Subject number,t5,FALSE
,110,1000000,5,0.797153024911032,0.7971434451105532,Subject number,t5,FALSE
,111,1000000,6,0.7764142839612223,0.7763932689116078,Subject number,t5,FALSE
,112,1100000,0,0.7813228617008222,0.7812125260152094,Subject number,t5,FALSE
,113,1100000,1,0.7851270094490121,0.7851207448798657,Subject number,t5,FALSE
,114,1100000,2,0.7945760215977421,0.7945405986304459,Subject number,t5,FALSE
,115,1100000,3,0.8078291814946619,0.8077960438800946,Subject number,t5,FALSE
,116,1100000,4,0.8097926125905021,0.8097633893608049,Subject number,t5,FALSE
,117,1100000,5,0.795925880476132,0.7958585446796251,Subject number,t5,FALSE
,118,1100000,6,0.7740827095349122,0.7740575451621456,Subject number,t5,FALSE
,0,0,0,0.5078,0.4204759861195321,Connectors,t5,FALSE
,1,0,1,0.4932,0.4052580608680947,Connectors,t5,FALSE
,2,0,2,0.4826,0.38951396720889936,Connectors,t5,FALSE
,3,0,3,0.4774,0.3952621188351146,Connectors,t5,FALSE
,4,0,4,0.4652,0.3757484957182177,Connectors,t5,FALSE
,5,0,5,0.478,0.3869201966635006,Connectors,t5,FALSE
,6,0,6,0.48,0.3936312759988013,Connectors,t5,FALSE
,7,0,0,0.5184,0.4254460398662068,Connectors,t5,FALSE
,8,0,1,0.504,0.4067155428803263,Connectors,t5,FALSE
,9,0,2,0.494,0.3981996822430068,Connectors,t5,FALSE
,10,0,3,0.4944,0.3972941820305961,Connectors,t5,FALSE
,11,0,4,0.481,0.3834049205237178,Connectors,t5,FALSE
,12,0,5,0.4778,0.3833255509481387,Connectors,t5,FALSE
,13,0,6,0.4726,0.37755262005257983,Connectors,t5,FALSE
,14,20000,0,0.515,0.42805132970776416,Connectors,t5,FALSE
,15,20000,1,0.508,0.41107375109274624,Connectors,t5,FALSE
,16,20000,2,0.4998,0.404606450776825,Connectors,t5,FALSE
,17,20000,3,0.4874,0.3978275638411128,Connectors,t5,FALSE
,18,20000,4,0.4878,0.3980862185531285,Connectors,t5,FALSE
,19,20000,5,0.4942,0.3950956431302869,Connectors,t5,FALSE
,20,20000,6,0.4806,0.3822252045788649,Connectors,t5,FALSE
,21,40000,0,0.5238,0.4324162160909208,Connectors,t5,FALSE
,22,40000,1,0.5132,0.41967918065727294,Connectors,t5,FALSE
,23,40000,2,0.5022,0.412009693833672,Connectors,t5,FALSE
,24,40000,3,0.4908,0.40518184853743977,Connectors,t5,FALSE
,25,40000,4,0.4876,0.4022924296973757,Connectors,t5,FALSE
,26,40000,5,0.4778,0.3904745223025203,Connectors,t5,FALSE
,27,40000,6,0.4734,0.3888887122993084,Connectors,t5,FALSE
,28,60000,0,0.5304,0.4353969319937401,Connectors,t5,FALSE
,29,60000,1,0.5106,0.4173226775868207,Connectors,t5,FALSE
,30,60000,2,0.502,0.4039021967091373,Connectors,t5,FALSE
,31,60000,3,0.507,0.4109860121306725,Connectors,t5,FALSE
,32,60000,4,0.4904,0.3913607074788431,Connectors,t5,FALSE
,33,60000,5,0.4746,0.3766793764327738,Connectors,t5,FALSE
,34,60000,6,0.471,0.37057122881681054,Connectors,t5,FALSE
,35,80000,0,0.5098,0.4243904537274477,Connectors,t5,FALSE
,36,80000,1,0.4904,0.4020018970311959,Connectors,t5,FALSE
,37,80000,2,0.4812,0.3988902902526135,Connectors,t5,FALSE
,38,80000,3,0.4826,0.396478122450723,Connectors,t5,FALSE
,39,80000,4,0.476,0.3898086949947753,Connectors,t5,FALSE
,40,80000,5,0.4716,0.3784186283153572,Connectors,t5,FALSE
,41,80000,6,0.4634,0.3736324386253346,Connectors,t5,FALSE
,42,100000,0,0.5302,0.4372052241609625,Connectors,t5,FALSE
,43,100000,1,0.5236,0.4246058841653932,Connectors,t5,FALSE
,44,100000,2,0.5138,0.4096854160636488,Connectors,t5,FALSE
,45,100000,3,0.4892,0.3951273029701312,Connectors,t5,FALSE
,46,100000,4,0.491,0.38946907184830265,Connectors,t5,FALSE
,47,100000,5,0.4778,0.38197811549259386,Connectors,t5,FALSE
,48,100000,6,0.4672,0.36840129462396176,Connectors,t5,FALSE
,49,200000,0,0.537,0.4422062994144699,Connectors,t5,FALSE
,50,200000,1,0.5306,0.4294272388793751,Connectors,t5,FALSE
,51,200000,2,0.524,0.4307896140638733,Connectors,t5,FALSE
,52,200000,3,0.5048,0.4094828415811464,Connectors,t5,FALSE
,53,200000,4,0.5124,0.4225796141770955,Connectors,t5,FALSE
,54,200000,5,0.5018,0.4082991958285279,Connectors,t5,FALSE
,55,200000,6,0.4846,0.3887459168213933,Connectors,t5,FALSE
,56,300000,0,0.5364,0.4467818036749051,Connectors,t5,FALSE
,57,300000,1,0.534,0.4493600870464992,Connectors,t5,FALSE
,58,300000,2,0.5284,0.4342187072057128,Connectors,t5,FALSE
,59,300000,3,0.522,0.4247146952177731,Connectors,t5,FALSE
,60,300000,4,0.5124,0.4194198578337637,Connectors,t5,FALSE
,61,300000,5,0.5086,0.4129679411100871,Connectors,t5,FALSE
,62,300000,6,0.4942,0.39522891754410827,Connectors,t5,FALSE
,63,400000,0,0.5386,0.4491757873771302,Connectors,t5,FALSE
,64,400000,1,0.5384,0.44207808109033697,Connectors,t5,FALSE
,65,400000,2,0.5334,0.4407521651177544,Connectors,t5,FALSE
,66,400000,3,0.5338,0.4372697963052831,Connectors,t5,FALSE
,67,400000,4,0.5214,0.4274864149919456,Connectors,t5,FALSE
,68,400000,5,0.5166,0.4227885924132866,Connectors,t5,FALSE
,69,400000,6,0.499,0.4067869974257341,Connectors,t5,FALSE
,70,500000,0,0.5428,0.4538811212787805,Connectors,t5,FALSE
,71,500000,1,0.5342,0.44076111574941423,Connectors,t5,FALSE
,72,500000,2,0.53,0.4347673342969899,Connectors,t5,FALSE
,73,500000,3,0.5326,0.4402242219615357,Connectors,t5,FALSE
,74,500000,4,0.5282,0.4289714201293092,Connectors,t5,FALSE
,75,500000,5,0.5232,0.4294395771170446,Connectors,t5,FALSE
,76,500000,6,0.5094,0.41561705403259097,Connectors,t5,FALSE
,77,600000,0,0.5532,0.4731597053407536,Connectors,t5,FALSE
,78,600000,1,0.5358,0.4480466953114071,Connectors,t5,FALSE
,79,600000,2,0.5304,0.4384062803341595,Connectors,t5,FALSE
,80,600000,3,0.528,0.4319594437785143,Connectors,t5,FALSE
,81,600000,4,0.5252,0.4253021572542191,Connectors,t5,FALSE
,82,600000,5,0.5126,0.4157373190069651,Connectors,t5,FALSE
,83,600000,6,0.4988,0.3976770820823129,Connectors,t5,FALSE
,84,700000,0,0.5508,0.4652495047921877,Connectors,t5,FALSE
,85,700000,1,0.5354,0.4479919653735685,Connectors,t5,FALSE
,86,700000,2,0.5304,0.43724105730936297,Connectors,t5,FALSE
,87,700000,3,0.5328,0.4389420237376062,Connectors,t5,FALSE
,88,700000,4,0.5162,0.4182512681436124,Connectors,t5,FALSE
,89,700000,5,0.512,0.4145380749849913,Connectors,t5,FALSE
,90,700000,6,0.5052,0.40817388210418,Connectors,t5,FALSE
,91,800000,0,0.5482,0.4553070480043931,Connectors,t5,FALSE
,92,800000,1,0.5412,0.44290978077564597,Connectors,t5,FALSE
,93,800000,2,0.5324,0.4394877459842697,Connectors,t5,FALSE
,94,800000,3,0.5352,0.4397610686770734,Connectors,t5,FALSE
,95,800000,4,0.5204,0.4247007747048016,Connectors,t5,FALSE
,96,800000,5,0.5196,0.4218008706191334,Connectors,t5,FALSE
,97,800000,6,0.5088,0.4089772048214003,Connectors,t5,FALSE
,98,900000,0,0.5532,0.4603873732940377,Connectors,t5,FALSE
,99,900000,1,0.5408,0.442881388315535,Connectors,t5,FALSE
,100,900000,2,0.5378,0.4409372555298208,Connectors,t5,FALSE
,101,900000,3,0.532,0.4383494823657551,Connectors,t5,FALSE
,102,900000,4,0.5176,0.4234551498555799,Connectors,t5,FALSE
,103,900000,5,0.5266,0.4302380324988209,Connectors,t5,FALSE
,104,900000,6,0.5142,0.4195299264627034,Connectors,t5,FALSE
,105,1000000,0,0.5494,0.4689990633629945,Connectors,t5,FALSE
,106,1000000,1,0.5412,0.4515506704366377,Connectors,t5,FALSE
,107,1000000,2,0.5368,0.448712907508312,Connectors,t5,FALSE
,108,1000000,3,0.5428,0.4536995408622728,Connectors,t5,FALSE
,109,1000000,4,0.5184,0.4252702192727308,Connectors,t5,FALSE
,110,1000000,5,0.5118,0.42032704983442215,Connectors,t5,FALSE
,111,1000000,6,0.5006,0.4073335906635925,Connectors,t5,FALSE
,112,1100000,0,0.5536,0.4656481468850453,Connectors,t5,FALSE
,113,1100000,1,0.5388,0.447593051434109,Connectors,t5,FALSE
,114,1100000,2,0.5476,0.4518147313609484,Connectors,t5,FALSE
,115,1100000,3,0.5392,0.4416529522317841,Connectors,t5,FALSE
,116,1100000,4,0.5366,0.4393959500711483,Connectors,t5,FALSE
,117,1100000,5,0.5206,0.4206939671780649,Connectors,t5,FALSE
,118,1100000,6,0.5154,0.41046492275250257,Connectors,t5,FALSE
,0,0,0,0.50125,0.501141467090434,Discourse Coherence,t5,FALSE
,1,0,1,0.51,0.5099823593649371,Discourse Coherence,t5,FALSE
,2,0,2,0.51475,0.5146990130650602,Discourse Coherence,t5,FALSE
,3,0,3,0.49575,0.4957408918198585,Discourse Coherence,t5,FALSE
,4,0,4,0.495,0.4949752537874356,Discourse Coherence,t5,FALSE
,5,0,5,0.498,0.4979874496862422,Discourse Coherence,t5,FALSE
,6,0,6,0.50325,0.5032273657968542,Discourse Coherence,t5,FALSE
,7,0,0,0.48525,0.4851727437348567,Discourse Coherence,t5,FALSE
,8,0,1,0.50125,0.5007467214919339,Discourse Coherence,t5,FALSE
,9,0,2,0.51175,0.5116288534324546,Discourse Coherence,t5,FALSE
,10,0,3,0.498,0.4979954819593376,Discourse Coherence,t5,FALSE
,11,0,4,0.4915,0.4915,Discourse Coherence,t5,FALSE
,12,0,5,0.5015,0.5014820533539208,Discourse Coherence,t5,FALSE
,13,0,6,0.50475,0.5047499690468731,Discourse Coherence,t5,FALSE
,14,20000,0,0.49975,0.4996483973526874,Discourse Coherence,t5,FALSE
,15,20000,1,0.49775,0.4971772534652753,Discourse Coherence,t5,FALSE
,16,20000,2,0.4955,0.4951587272996545,Discourse Coherence,t5,FALSE
,17,20000,3,0.50175,0.5017305363490759,Discourse Coherence,t5,FALSE
,18,20000,4,0.49975,0.4992765346683123,Discourse Coherence,t5,FALSE
,19,20000,5,0.49575,0.4955221967419663,Discourse Coherence,t5,FALSE
,20,20000,6,0.503,0.5027701555043819,Discourse Coherence,t5,FALSE
,21,40000,0,0.49425,0.4939881072197429,Discourse Coherence,t5,FALSE
,22,40000,1,0.49875,0.4984550602288559,Discourse Coherence,t5,FALSE
,23,40000,2,0.50875,0.5083714152629659,Discourse Coherence,t5,FALSE
,24,40000,3,0.50425,0.5040466281204437,Discourse Coherence,t5,FALSE
,25,40000,4,0.50525,0.5051495144232725,Discourse Coherence,t5,FALSE
,26,40000,5,0.50275,0.5024452165979922,Discourse Coherence,t5,FALSE
,27,40000,6,0.50875,0.5086762707328769,Discourse Coherence,t5,FALSE
,28,60000,0,0.49025,0.4900087422606357,Discourse Coherence,t5,FALSE
,29,60000,1,0.501,0.500735889285432,Discourse Coherence,t5,FALSE
,30,60000,2,0.495,0.4949818193454964,Discourse Coherence,t5,FALSE
,31,60000,3,0.4895,0.4894712827596552,Discourse Coherence,t5,FALSE
,32,60000,4,0.50125,0.5011751450952109,Discourse Coherence,t5,FALSE
,33,60000,5,0.50525,0.5052497217029686,Discourse Coherence,t5,FALSE
,34,60000,6,0.49225,0.4922233099877312,Discourse Coherence,t5,FALSE
,35,80000,0,0.47775,0.4773760298853849,Discourse Coherence,t5,FALSE
,36,80000,1,0.50125,0.5011262481299268,Discourse Coherence,t5,FALSE
,37,80000,2,0.501,0.5009875246881172,Discourse Coherence,t5,FALSE
,38,80000,3,0.494,0.4937549774090659,Discourse Coherence,t5,FALSE
,39,80000,4,0.4970000000000001,0.4969847837897097,Discourse Coherence,t5,FALSE
,40,80000,5,0.4945,0.4944715640254764,Discourse Coherence,t5,FALSE
,41,80000,6,0.50175,0.5017305363490759,Discourse Coherence,t5,FALSE
,42,100000,0,0.49125,0.4910614064424249,Discourse Coherence,t5,FALSE
,43,100000,1,0.5065,0.5064347259925125,Discourse Coherence,t5,FALSE
,44,100000,2,0.50625,0.5062307121371928,Discourse Coherence,t5,FALSE
,45,100000,3,0.507,0.5069758418162491,Discourse Coherence,t5,FALSE
,46,100000,4,0.49975,0.4997462168307647,Discourse Coherence,t5,FALSE
,47,100000,5,0.4915,0.4914439316934692,Discourse Coherence,t5,FALSE
,48,100000,6,0.5045,0.5044790642404642,Discourse Coherence,t5,FALSE
,49,200000,0,0.4970000000000001,0.4962533214857723,Discourse Coherence,t5,FALSE
,50,200000,1,0.50825,0.5077996058768527,Discourse Coherence,t5,FALSE
,51,200000,2,0.50375,0.5036189243722171,Discourse Coherence,t5,FALSE
,52,200000,3,0.5105,0.5101938711694809,Discourse Coherence,t5,FALSE
,53,200000,4,0.502,0.5019755968042434,Discourse Coherence,t5,FALSE
,54,200000,5,0.51,0.5099351889287358,Discourse Coherence,t5,FALSE
,55,200000,6,0.52375,0.5237092473724783,Discourse Coherence,t5,FALSE
,56,300000,0,0.49125,0.4902743532542758,Discourse Coherence,t5,FALSE
,57,300000,1,0.49225,0.4915253919038,Discourse Coherence,t5,FALSE
,58,300000,2,0.49175,0.4915310723473376,Discourse Coherence,t5,FALSE
,59,300000,3,0.50325,0.5032474851903936,Discourse Coherence,t5,FALSE
,60,300000,4,0.49275,0.4927492074206366,Discourse Coherence,t5,FALSE
,61,300000,5,0.489,0.4889586056470574,Discourse Coherence,t5,FALSE
,62,300000,6,0.49025,0.4902359496283616,Discourse Coherence,t5,FALSE
,63,400000,0,0.493,0.4919249131161538,Discourse Coherence,t5,FALSE
,64,400000,1,0.49725,0.4971003559246598,Discourse Coherence,t5,FALSE
,65,400000,2,0.51075,0.5105289732394784,Discourse Coherence,t5,FALSE
,66,400000,3,0.5075,0.5072505455887042,Discourse Coherence,t5,FALSE
,67,400000,4,0.51125,0.5111436431888713,Discourse Coherence,t5,FALSE
,68,400000,5,0.513,0.5129688300051203,Discourse Coherence,t5,FALSE
,69,400000,6,0.50075,0.5005349490790129,Discourse Coherence,t5,FALSE
,70,500000,0,0.4935,0.4930283896594808,Discourse Coherence,t5,FALSE
,71,500000,1,0.50675,0.5064716191476755,Discourse Coherence,t5,FALSE
,72,500000,2,0.5085,0.5082047999311587,Discourse Coherence,t5,FALSE
,73,500000,3,0.4995,0.4993096124801456,Discourse Coherence,t5,FALSE
,74,500000,4,0.51675,0.5161657398912773,Discourse Coherence,t5,FALSE
,75,500000,5,0.4955,0.4953178097293123,Discourse Coherence,t5,FALSE
,76,500000,6,0.4875,0.4874537427002788,Discourse Coherence,t5,FALSE
,77,600000,0,0.49275,0.4921885827400056,Discourse Coherence,t5,FALSE
,78,600000,1,0.50325,0.5026665968347495,Discourse Coherence,t5,FALSE
,79,600000,2,0.49625,0.4958332746911119,Discourse Coherence,t5,FALSE
,80,600000,3,0.50025,0.5000347337050308,Discourse Coherence,t5,FALSE
,81,600000,4,0.508,0.5072885246295651,Discourse Coherence,t5,FALSE
,82,600000,5,0.4915,0.4910570924346913,Discourse Coherence,t5,FALSE
,83,600000,6,0.49525,0.4950429360439615,Discourse Coherence,t5,FALSE
,84,700000,0,0.5045,0.5039598122355244,Discourse Coherence,t5,FALSE
,85,700000,1,0.5035,0.5034160773170666,Discourse Coherence,t5,FALSE
,86,700000,2,0.5015,0.501387812257758,Discourse Coherence,t5,FALSE
,87,700000,3,0.4995,0.4990028856132497,Discourse Coherence,t5,FALSE
,88,700000,4,0.4985,0.4979023783057784,Discourse Coherence,t5,FALSE
,89,700000,5,0.5135,0.5134901481755005,Discourse Coherence,t5,FALSE
,90,700000,6,0.4970000000000001,0.4967220647602638,Discourse Coherence,t5,FALSE
,91,800000,0,0.498,0.4972930683774057,Discourse Coherence,t5,FALSE
,92,800000,1,0.5,0.4995344419145911,Discourse Coherence,t5,FALSE
,93,800000,2,0.499,0.4985783043539617,Discourse Coherence,t5,FALSE
,94,800000,3,0.49925,0.4992116583925957,Discourse Coherence,t5,FALSE
,95,800000,4,0.49975,0.4997159494168073,Discourse Coherence,t5,FALSE
,96,800000,5,0.4985,0.4984336678525735,Discourse Coherence,t5,FALSE
,97,800000,6,0.511,0.5106941838649155,Discourse Coherence,t5,FALSE
,98,900000,0,0.4920000000000001,0.4914292564830881,Discourse Coherence,t5,FALSE
,99,900000,1,0.4975,0.4972454805245156,Discourse Coherence,t5,FALSE
,100,900000,2,0.499,0.4987995198079232,Discourse Coherence,t5,FALSE
,101,900000,3,0.48375,0.4837383518465635,Discourse Coherence,t5,FALSE
,102,900000,4,0.50375,0.5037484802297207,Discourse Coherence,t5,FALSE
,103,900000,5,0.50275,0.5027474826591309,Discourse Coherence,t5,FALSE
,104,900000,6,0.4985,0.4982787409247478,Discourse Coherence,t5,FALSE
,105,1000000,0,0.4920000000000001,0.4910807646311149,Discourse Coherence,t5,FALSE
,106,1000000,1,0.4975,0.4968659252823371,Discourse Coherence,t5,FALSE
,107,1000000,2,0.50075,0.4998359188815009,Discourse Coherence,t5,FALSE
,108,1000000,3,0.49725,0.4965700864373641,Discourse Coherence,t5,FALSE
,109,1000000,4,0.50125,0.5005192284136211,Discourse Coherence,t5,FALSE
,110,1000000,5,0.50225,0.5017634408602151,Discourse Coherence,t5,FALSE
,111,1000000,6,0.5035,0.5031769408057589,Discourse Coherence,t5,FALSE
,112,1100000,0,0.49925,0.4975743791528736,Discourse Coherence,t5,FALSE
,113,1100000,1,0.50525,0.5048263479923543,Discourse Coherence,t5,FALSE
,114,1100000,2,0.489,0.4884761996284195,Discourse Coherence,t5,FALSE
,115,1100000,3,0.49625,0.4953059382140505,Discourse Coherence,t5,FALSE
,116,1100000,4,0.48475,0.4840340650173406,Discourse Coherence,t5,FALSE
,117,1100000,5,0.504,0.5032637126380577,Discourse Coherence,t5,FALSE
,118,1100000,6,0.48275,0.4821425208108186,Discourse Coherence,t5,FALSE
,0,0,0,0.2861887628009964,0.16086282345746855,Penn Discourse Treebank,t5,FALSE
,1,0,1,0.27207306947135346,0.14850114126139566,Penn Discourse Treebank,t5,FALSE
,2,0,2,0.26819817326321616,0.14342399242282253,Penn Discourse Treebank,t5,FALSE
,3,0,3,0.25851093274287296,0.13880102637226502,Penn Discourse Treebank,t5,FALSE
,4,0,4,0.25574314973706064,0.14177008173229325,Penn Discourse Treebank,t5,FALSE
,5,0,5,0.2568502629393856,0.1435433833857229,Penn Discourse Treebank,t5,FALSE
,6,0,6,0.25768059784112923,0.1352523811480185,Penn Discourse Treebank,t5,FALSE
,7,0,0,0.2933849986161085,0.1651630882652209,Penn Discourse Treebank,t5,FALSE
,8,0,1,0.28480487129809023,0.16673553508457692,Penn Discourse Treebank,t5,FALSE
,9,0,2,0.2759479656794907,0.15486694630431475,Penn Discourse Treebank,t5,FALSE
,10,0,3,0.2784389703847218,0.1590688635089977,Penn Discourse Treebank,t5,FALSE
,11,0,4,0.27234984777193466,0.15376715703152508,Penn Discourse Treebank,t5,FALSE
,12,0,5,0.26266260725159146,0.15163489240983652,Penn Discourse Treebank,t5,FALSE
,13,0,6,0.2731801826736784,0.15887935742728468,Penn Discourse Treebank,t5,FALSE
,14,20000,0,0.2867423194021589,0.16523428351659422,Penn Discourse Treebank,t5,FALSE
,15,20000,1,0.28425131469692777,0.16165691290479886,Penn Discourse Treebank,t5,FALSE
,16,20000,2,0.2903404373097149,0.1623922823240679,Penn Discourse Treebank,t5,FALSE
,17,20000,3,0.2853584278992527,0.15659286781875986,Penn Discourse Treebank,t5,FALSE
,18,20000,4,0.2726266260725159,0.14984846692022644,Penn Discourse Treebank,t5,FALSE
,19,20000,5,0.27926930528646554,0.1642759769315724,Penn Discourse Treebank,t5,FALSE
,20,20000,6,0.271519512870191,0.1585935631053091,Penn Discourse Treebank,t5,FALSE
,21,40000,0,0.2967063382230833,0.1647495913124566,Penn Discourse Treebank,t5,FALSE
,22,40000,1,0.2953224467201772,0.17504555039573674,Penn Discourse Treebank,t5,FALSE
,23,40000,2,0.28895654580680874,0.16359619473508075,Penn Discourse Treebank,t5,FALSE
,24,40000,3,0.2870190977027401,0.16881363381360093,Penn Discourse Treebank,t5,FALSE
,25,40000,4,0.2789925269858843,0.1704246138169325,Penn Discourse Treebank,t5,FALSE
,26,40000,5,0.2839745363963465,0.172855182326956,Penn Discourse Treebank,t5,FALSE
,27,40000,6,0.284528092997509,0.1695361949640852,Penn Discourse Treebank,t5,FALSE
,28,60000,0,0.29836700802657073,0.17675802910983446,Penn Discourse Treebank,t5,FALSE
,29,60000,1,0.2942153335178522,0.16775641569586286,Penn Discourse Treebank,t5,FALSE
,30,60000,2,0.2950456684195959,0.16920953771698002,Penn Discourse Treebank,t5,FALSE
,31,60000,3,0.2920011071132023,0.16820574722929704,Penn Discourse Treebank,t5,FALSE
,32,60000,4,0.2803764184887905,0.16039027871410685,Penn Discourse Treebank,t5,FALSE
,33,60000,5,0.2800996401882093,0.15509629339885678,Penn Discourse Treebank,t5,FALSE
,34,60000,6,0.28867976750622754,0.1703881275311474,Penn Discourse Treebank,t5,FALSE
,35,80000,0,0.29449211181843343,0.16547139649080034,Penn Discourse Treebank,t5,FALSE
,36,80000,1,0.2765015222806532,0.1537146255409644,Penn Discourse Treebank,t5,FALSE
,37,80000,2,0.2709659562690285,0.1543644368978461,Penn Discourse Treebank,t5,FALSE
,38,80000,3,0.2607251591475228,0.1420720692943378,Penn Discourse Treebank,t5,FALSE
,39,80000,4,0.2709659562690285,0.1487403319633203,Penn Discourse Treebank,t5,FALSE
,40,80000,5,0.2759479656794907,0.16077624879756822,Penn Discourse Treebank,t5,FALSE
,41,80000,6,0.2778854137835593,0.1566935958125404,Penn Discourse Treebank,t5,FALSE
,42,100000,0,0.29864378632715194,0.17608319474965184,Penn Discourse Treebank,t5,FALSE
,43,100000,1,0.3039025740381954,0.16945216462400048,Penn Discourse Treebank,t5,FALSE
,44,100000,2,0.2853584278992527,0.16384940529097128,Penn Discourse Treebank,t5,FALSE
,45,100000,3,0.2922778854137836,0.1713643267992184,Penn Discourse Treebank,t5,FALSE
,46,100000,4,0.27926930528646554,0.17974334510261436,Penn Discourse Treebank,t5,FALSE
,47,100000,5,0.2648768336562414,0.16461237691615588,Penn Discourse Treebank,t5,FALSE
,48,100000,6,0.2795460835870468,0.15934757713887734,Penn Discourse Treebank,t5,FALSE
,49,200000,0,0.3091613617492389,0.18148211091796587,Penn Discourse Treebank,t5,FALSE
,50,200000,1,0.3113755881538887,0.18545400431522696,Penn Discourse Treebank,t5,FALSE
,51,200000,2,0.3014115693329643,0.18280746130785308,Penn Discourse Treebank,t5,FALSE
,52,200000,3,0.2942153335178522,0.17282316168795372,Penn Discourse Treebank,t5,FALSE
,53,200000,4,0.284528092997509,0.1567058266293569,Penn Discourse Treebank,t5,FALSE
,54,200000,5,0.28508164959867144,0.1607651039913318,Penn Discourse Treebank,t5,FALSE
,55,200000,6,0.29449211181843343,0.17552988750733126,Penn Discourse Treebank,t5,FALSE
,56,300000,0,0.315250484362026,0.1824314410210368,Penn Discourse Treebank,t5,FALSE
,57,300000,1,0.31082203155272625,0.19883804331545565,Penn Discourse Treebank,t5,FALSE
,58,300000,2,0.2922778854137836,0.18138248413130256,Penn Discourse Treebank,t5,FALSE
,59,300000,3,0.2823138665928591,0.1640506617906758,Penn Discourse Treebank,t5,FALSE
,60,300000,4,0.28176030999169666,0.16717009241155978,Penn Discourse Treebank,t5,FALSE
,61,300000,5,0.2825906448934404,0.16948722022203544,Penn Discourse Treebank,t5,FALSE
,62,300000,6,0.2770550788818157,0.16587222737176607,Penn Discourse Treebank,t5,FALSE
,63,400000,0,0.32023249377248825,0.189689887647148,Penn Discourse Treebank,t5,FALSE
,64,400000,1,0.3075006919457515,0.1929745013646856,Penn Discourse Treebank,t5,FALSE
,65,400000,2,0.30362579573761417,0.18471351893899854,Penn Discourse Treebank,t5,FALSE
,66,400000,3,0.3019651259341268,0.17167719484607327,Penn Discourse Treebank,t5,FALSE
,67,400000,4,0.2955992250207584,0.17831109377340393,Penn Discourse Treebank,t5,FALSE
,68,400000,5,0.2969831165236645,0.17882254110029647,Penn Discourse Treebank,t5,FALSE
,69,400000,6,0.288126210905065,0.16946492918874953,Penn Discourse Treebank,t5,FALSE
,70,500000,0,0.3365624135067811,0.2081101674363164,Penn Discourse Treebank,t5,FALSE
,71,500000,1,0.3210628286742319,0.1863782364100869,Penn Discourse Treebank,t5,FALSE
,72,500000,2,0.2969831165236645,0.1811223674104992,Penn Discourse Treebank,t5,FALSE
,73,500000,3,0.31054525325214505,0.19278329747452366,Penn Discourse Treebank,t5,FALSE
,74,500000,4,0.29449211181843343,0.18379521904537965,Penn Discourse Treebank,t5,FALSE
,75,500000,5,0.2947688901190147,0.18099087700339825,Penn Discourse Treebank,t5,FALSE
,76,500000,6,0.28895654580680874,0.16860617680293533,Penn Discourse Treebank,t5,FALSE
,77,600000,0,0.31801826736783834,0.19125362802772414,Penn Discourse Treebank,t5,FALSE
,78,600000,1,0.3000276778300581,0.1790521110153035,Penn Discourse Treebank,t5,FALSE
,79,600000,2,0.30224190423470804,0.1790608495570866,Penn Discourse Treebank,t5,FALSE
,80,600000,3,0.3135898145585386,0.1951880836433945,Penn Discourse Treebank,t5,FALSE
,81,600000,4,0.3005812344312206,0.17264259875591526,Penn Discourse Treebank,t5,FALSE
,82,600000,5,0.30417935233877663,0.17535856194603147,Penn Discourse Treebank,t5,FALSE
,83,600000,6,0.2953224467201772,0.17273625075908525,Penn Discourse Treebank,t5,FALSE
,84,700000,0,0.3249377248823692,0.19408392075870454,Penn Discourse Treebank,t5,FALSE
,85,700000,1,0.3063935787434265,0.17916918901643467,Penn Discourse Treebank,t5,FALSE
,86,700000,2,0.31165236645447,0.17808574983268552,Penn Discourse Treebank,t5,FALSE
,87,700000,3,0.3044561306393579,0.17977481795468844,Penn Discourse Treebank,t5,FALSE
,88,700000,4,0.30362579573761417,0.1741308807436245,Penn Discourse Treebank,t5,FALSE
,89,700000,5,0.30085801273180185,0.1797808557522739,Penn Discourse Treebank,t5,FALSE
,90,700000,6,0.29283144201494604,0.18248080940060715,Penn Discourse Treebank,t5,FALSE
,91,800000,0,0.3277055078881816,0.1922402468040592,Penn Discourse Treebank,t5,FALSE
,92,800000,1,0.3119291447550512,0.17057787717755668,Penn Discourse Treebank,t5,FALSE
,93,800000,2,0.31774148906725713,0.18849130409889714,Penn Discourse Treebank,t5,FALSE
,94,800000,3,0.3055632438416828,0.18249495620484246,Penn Discourse Treebank,t5,FALSE
,95,800000,4,0.29864378632715194,0.17727427290814332,Penn Discourse Treebank,t5,FALSE
,96,800000,5,0.29144755051203985,0.17407872036986413,Penn Discourse Treebank,t5,FALSE
,97,800000,6,0.28867976750622754,0.1741208049923626,Penn Discourse Treebank,t5,FALSE
,98,900000,0,0.33268751729864376,0.1994214812553412,Penn Discourse Treebank,t5,FALSE
,99,900000,1,0.3188486022695821,0.1910744703288856,Penn Discourse Treebank,t5,FALSE
,100,900000,2,0.319955715471907,0.19200548433604595,Penn Discourse Treebank,t5,FALSE
,101,900000,3,0.31303625795737616,0.184772715787217,Penn Discourse Treebank,t5,FALSE
,102,900000,4,0.305840022142264,0.18084260176314204,Penn Discourse Treebank,t5,FALSE
,103,900000,5,0.3055632438416828,0.19177353220085905,Penn Discourse Treebank,t5,FALSE
,104,900000,6,0.2942153335178522,0.17125151346489415,Penn Discourse Treebank,t5,FALSE
,105,1000000,0,0.3224467201771381,0.1930106606150609,Penn Discourse Treebank,t5,FALSE
,106,1000000,1,0.32438416828120675,0.19955832150092692,Penn Discourse Treebank,t5,FALSE
,107,1000000,2,0.315250484362026,0.19073549793967426,Penn Discourse Treebank,t5,FALSE
,108,1000000,3,0.3063935787434265,0.1850574682083589,Penn Discourse Treebank,t5,FALSE
,109,1000000,4,0.31165236645447,0.1887748611720139,Penn Discourse Treebank,t5,FALSE
,110,1000000,5,0.28425131469692777,0.17957181901863792,Penn Discourse Treebank,t5,FALSE
,111,1000000,6,0.2867423194021589,0.16884133484489486,Penn Discourse Treebank,t5,FALSE
,112,1100000,0,0.3285358427899253,0.2062163894087119,Penn Discourse Treebank,t5,FALSE
,113,1100000,1,0.3191253805701633,0.1978565676195404,Penn Discourse Treebank,t5,FALSE
,114,1100000,2,0.3141433711597011,0.1947352050648373,Penn Discourse Treebank,t5,FALSE
,115,1100000,3,0.31054525325214505,0.1852649422138196,Penn Discourse Treebank,t5,FALSE
,116,1100000,4,0.3141433711597011,0.19263931670969428,Penn Discourse Treebank,t5,FALSE
,117,1100000,5,0.3052864655411016,0.19158667835616536,Penn Discourse Treebank,t5,FALSE
,118,1100000,6,0.2853584278992527,0.16931211900372098,Penn Discourse Treebank,t5,FALSE
,0,0,0,0.30625,0.30273934434585625,Sentence Position,t5,FALSE
,1,0,1,0.303,0.2991857298372479,Sentence Position,t5,FALSE
,2,0,2,0.2915,0.2886873825172771,Sentence Position,t5,FALSE
,3,0,3,0.2875,0.2843169532366638,Sentence Position,t5,FALSE
,4,0,4,0.2825,0.2792265761035961,Sentence Position,t5,FALSE
,5,0,5,0.28275,0.2778047733995469,Sentence Position,t5,FALSE
,6,0,6,0.29725,0.2936901607331154,Sentence Position,t5,FALSE
,7,0,0,0.3195,0.3173793733420281,Sentence Position,t5,FALSE
,8,0,1,0.3175,0.31608045886521763,Sentence Position,t5,FALSE
,9,0,2,0.32425,0.3213674354772597,Sentence Position,t5,FALSE
,10,0,3,0.33725,0.3324094841888779,Sentence Position,t5,FALSE
,11,0,4,0.322,0.31649400292547264,Sentence Position,t5,FALSE
,12,0,5,0.317,0.31300400138094864,Sentence Position,t5,FALSE
,13,0,6,0.318,0.31549246150459964,Sentence Position,t5,FALSE
,14,20000,0,0.33025,0.3289501765577741,Sentence Position,t5,FALSE
,15,20000,1,0.3315,0.3270721456426492,Sentence Position,t5,FALSE
,16,20000,2,0.34025,0.3384361962504504,Sentence Position,t5,FALSE
,17,20000,3,0.3355,0.3312840123007751,Sentence Position,t5,FALSE
,18,20000,4,0.342,0.33806233177210754,Sentence Position,t5,FALSE
,19,20000,5,0.33725,0.33247946999160555,Sentence Position,t5,FALSE
,20,20000,6,0.3415,0.3391212748265189,Sentence Position,t5,FALSE
,21,40000,0,0.32,0.3177263744219837,Sentence Position,t5,FALSE
,22,40000,1,0.3365,0.3325413829051184,Sentence Position,t5,FALSE
,23,40000,2,0.344,0.3410552429474879,Sentence Position,t5,FALSE
,24,40000,3,0.34825,0.34450835819872744,Sentence Position,t5,FALSE
,25,40000,4,0.34575,0.3425915910071701,Sentence Position,t5,FALSE
,26,40000,5,0.3285,0.3250876664393143,Sentence Position,t5,FALSE
,27,40000,6,0.3285,0.32674597163027075,Sentence Position,t5,FALSE
,28,60000,0,0.3255,0.3238564588371173,Sentence Position,t5,FALSE
,29,60000,1,0.34325,0.3378029448550979,Sentence Position,t5,FALSE
,30,60000,2,0.3615,0.35884638982978745,Sentence Position,t5,FALSE
,31,60000,3,0.359,0.3549382253434015,Sentence Position,t5,FALSE
,32,60000,4,0.35925,0.35609687744066754,Sentence Position,t5,FALSE
,33,60000,5,0.3545,0.35172563560877834,Sentence Position,t5,FALSE
,34,60000,6,0.34475,0.3407446923795018,Sentence Position,t5,FALSE
,35,80000,0,0.31075,0.3081456178845383,Sentence Position,t5,FALSE
,36,80000,1,0.30475,0.3006953755876648,Sentence Position,t5,FALSE
,37,80000,2,0.303,0.2983736321909421,Sentence Position,t5,FALSE
,38,80000,3,0.28925,0.2864065011033387,Sentence Position,t5,FALSE
,39,80000,4,0.29675,0.2920843241222865,Sentence Position,t5,FALSE
,40,80000,5,0.28525,0.2808768320515969,Sentence Position,t5,FALSE
,41,80000,6,0.29275,0.28975020895506576,Sentence Position,t5,FALSE
,42,100000,0,0.33525,0.3310983877413575,Sentence Position,t5,FALSE
,43,100000,1,0.35725,0.3530364053258056,Sentence Position,t5,FALSE
,44,100000,2,0.354,0.35229287434549705,Sentence Position,t5,FALSE
,45,100000,3,0.35675,0.3530852584742517,Sentence Position,t5,FALSE
,46,100000,4,0.37,0.3668730111891648,Sentence Position,t5,FALSE
,47,100000,5,0.35225,0.3493817766837129,Sentence Position,t5,FALSE
,48,100000,6,0.3455,0.3413912227258293,Sentence Position,t5,FALSE
,49,200000,0,0.3485,0.3432037541915884,Sentence Position,t5,FALSE
,50,200000,1,0.369,0.3640541444737425,Sentence Position,t5,FALSE
,51,200000,2,0.38475,0.38018423187073214,Sentence Position,t5,FALSE
,52,200000,3,0.379,0.3762595869909388,Sentence Position,t5,FALSE
,53,200000,4,0.3775,0.374812248646245,Sentence Position,t5,FALSE
,54,200000,5,0.36775,0.36497453832894255,Sentence Position,t5,FALSE
,55,200000,6,0.36225,0.3594794260083798,Sentence Position,t5,FALSE
,56,300000,0,0.338,0.3334947336766384,Sentence Position,t5,FALSE
,57,300000,1,0.3665,0.36294168807858007,Sentence Position,t5,FALSE
,58,300000,2,0.3765,0.3736843353338065,Sentence Position,t5,FALSE
,59,300000,3,0.37,0.3676106455200791,Sentence Position,t5,FALSE
,60,300000,4,0.36875,0.36739915815012014,Sentence Position,t5,FALSE
,61,300000,5,0.36125,0.3575995693290489,Sentence Position,t5,FALSE
,62,300000,6,0.359,0.3577850376455737,Sentence Position,t5,FALSE
,63,400000,0,0.34,0.3356412758174889,Sentence Position,t5,FALSE
,64,400000,1,0.3795,0.3748986744098163,Sentence Position,t5,FALSE
,65,400000,2,0.382,0.3779602157992486,Sentence Position,t5,FALSE
,66,400000,3,0.37525,0.3723808427220023,Sentence Position,t5,FALSE
,67,400000,4,0.36675,0.36497707203547225,Sentence Position,t5,FALSE
,68,400000,5,0.38625,0.3844782701984627,Sentence Position,t5,FALSE
,69,400000,6,0.3670000000000001,0.36252226815817934,Sentence Position,t5,FALSE
,70,500000,0,0.35575,0.3512606636453883,Sentence Position,t5,FALSE
,71,500000,1,0.37825,0.3734267510014181,Sentence Position,t5,FALSE
,72,500000,2,0.37725,0.3750623788213609,Sentence Position,t5,FALSE
,73,500000,3,0.38675,0.38387970782859504,Sentence Position,t5,FALSE
,74,500000,4,0.375,0.3729024379996276,Sentence Position,t5,FALSE
,75,500000,5,0.37475,0.3724238542528998,Sentence Position,t5,FALSE
,76,500000,6,0.36425,0.3595991810865513,Sentence Position,t5,FALSE
,77,600000,0,0.35525,0.3490046140401909,Sentence Position,t5,FALSE
,78,600000,1,0.374,0.3683643652979468,Sentence Position,t5,FALSE
,79,600000,2,0.38525,0.3808940338453379,Sentence Position,t5,FALSE
,80,600000,3,0.39225,0.3902345295565747,Sentence Position,t5,FALSE
,81,600000,4,0.38375,0.38278278607820215,Sentence Position,t5,FALSE
,82,600000,5,0.392,0.3894786483914735,Sentence Position,t5,FALSE
,83,600000,6,0.37175,0.3677060420684008,Sentence Position,t5,FALSE
,84,700000,0,0.3435,0.33906693095185736,Sentence Position,t5,FALSE
,85,700000,1,0.3755,0.3701687560849338,Sentence Position,t5,FALSE
,86,700000,2,0.37575,0.3749321709840688,Sentence Position,t5,FALSE
,87,700000,3,0.3985,0.3960667237191748,Sentence Position,t5,FALSE
,88,700000,4,0.3895,0.3882500436008152,Sentence Position,t5,FALSE
,89,700000,5,0.3815,0.3781569835796299,Sentence Position,t5,FALSE
,90,700000,6,0.3695,0.3685696663803736,Sentence Position,t5,FALSE
,91,800000,0,0.3525,0.34698016736847026,Sentence Position,t5,FALSE
,92,800000,1,0.37625,0.3727970219311218,Sentence Position,t5,FALSE
,93,800000,2,0.39125,0.3888695132844047,Sentence Position,t5,FALSE
,94,800000,3,0.38975,0.3862273495265634,Sentence Position,t5,FALSE
,95,800000,4,0.39025,0.3886525083104872,Sentence Position,t5,FALSE
,96,800000,5,0.3725,0.3707792842090588,Sentence Position,t5,FALSE
,97,800000,6,0.37775,0.3753783564825831,Sentence Position,t5,FALSE
,98,900000,0,0.35075,0.3462723887362137,Sentence Position,t5,FALSE
,99,900000,1,0.371,0.36714832139994,Sentence Position,t5,FALSE
,100,900000,2,0.3955,0.3928149944646861,Sentence Position,t5,FALSE
,101,900000,3,0.39,0.3868054080922007,Sentence Position,t5,FALSE
,102,900000,4,0.39325,0.3898520020318599,Sentence Position,t5,FALSE
,103,900000,5,0.39125,0.38812888417798297,Sentence Position,t5,FALSE
,104,900000,6,0.3815,0.3795193480372451,Sentence Position,t5,FALSE
,105,1000000,0,0.35275,0.34880845711119896,Sentence Position,t5,FALSE
,106,1000000,1,0.37575,0.3707256363780955,Sentence Position,t5,FALSE
,107,1000000,2,0.3895,0.3867651262875421,Sentence Position,t5,FALSE
,108,1000000,3,0.39425,0.3919751771005116,Sentence Position,t5,FALSE
,109,1000000,4,0.394,0.3909104818487208,Sentence Position,t5,FALSE
,110,1000000,5,0.38,0.3787706420863277,Sentence Position,t5,FALSE
,111,1000000,6,0.37525,0.3716870929884055,Sentence Position,t5,FALSE
,112,1100000,0,0.3595,0.3555905019490139,Sentence Position,t5,FALSE
,113,1100000,1,0.382,0.379958743164048,Sentence Position,t5,FALSE
,114,1100000,2,0.389,0.38624665500667776,Sentence Position,t5,FALSE
,115,1100000,3,0.395,0.393341506804778,Sentence Position,t5,FALSE
,116,1100000,4,0.3935,0.3926440615613989,Sentence Position,t5,FALSE
,117,1100000,5,0.38625,0.3853332328226502,Sentence Position,t5,FALSE
,118,1100000,6,0.3735,0.3703228331558227,Sentence Position,t5,FALSE
,,0,-,0.0,,Adjunct Island,t5,FALSE
,,20000,-,0.0,,Adjunct Island,t5,FALSE
,,40000,-,0.0,,Adjunct Island,t5,FALSE
,,60000,-,0.0,,Adjunct Island,t5,FALSE
,,80000,-,0.0,,Adjunct Island,t5,FALSE
,,100000,-,0.0,,Adjunct Island,t5,FALSE
,,200000,-,0.0,,Adjunct Island,t5,FALSE
,,300000,-,0.0,,Adjunct Island,t5,FALSE
,,400000,-,0.0,,Adjunct Island,t5,FALSE
,,500000,-,0.0,,Adjunct Island,t5,FALSE
,,600000,-,0.0,,Adjunct Island,t5,FALSE
,,700000,-,0.0,,Adjunct Island,t5,FALSE
,,800000,-,0.0,,Adjunct Island,t5,FALSE
,,900000,-,0.0,,Adjunct Island,t5,FALSE
,,1000000,-,0.0,,Adjunct Island,t5,FALSE
,,1100000,-,0.0,,Adjunct Island,t5,FALSE
,,0,-,0.0,,Passive,t5,FALSE
,,20000,-,0.01,,Passive,t5,FALSE
,,40000,-,0.001,,Passive,t5,FALSE
,,60000,-,0.0,,Passive,t5,FALSE
,,80000,-,0.0,,Passive,t5,FALSE
,,100000,-,0.0,,Passive,t5,FALSE
,,200000,-,0.0,,Passive,t5,FALSE
,,300000,-,0.0,,Passive,t5,FALSE
,,400000,-,0.0,,Passive,t5,FALSE
,,500000,-,0.0,,Passive,t5,FALSE
,,600000,-,0.003,,Passive,t5,FALSE
,,700000,-,0.0,,Passive,t5,FALSE
,,800000,-,0.0,,Passive,t5,FALSE
,,900000,-,0.001,,Passive,t5,FALSE
,,1000000,-,0.0,,Passive,t5,FALSE
,,1100000,-,0.0,,Passive,t5,FALSE
,,0,-,0.0,,Transitive,t5,FALSE
,,20000,-,0.007,,Transitive,t5,FALSE
,,40000,-,0.003,,Transitive,t5,FALSE
,,60000,-,0.0,,Transitive,t5,FALSE
,,80000,-,0.0,,Transitive,t5,FALSE
,,100000,-,0.0,,Transitive,t5,FALSE
,,200000,-,0.0,,Transitive,t5,FALSE
,,300000,-,0.0,,Transitive,t5,FALSE
,,400000,-,0.001,,Transitive,t5,FALSE
,,500000,-,0.0,,Transitive,t5,FALSE
,,600000,-,0.001,,Transitive,t5,FALSE
,,700000,-,0.001,,Transitive,t5,FALSE
,,800000,-,0.0,,Transitive,t5,FALSE
,,900000,-,0.001,,Transitive,t5,FALSE
,,1000000,-,0.001,,Transitive,t5,FALSE
,,1100000,-,0.001,,Transitive,t5,FALSE
,,0,-,0.0,,Principle A c command,t5,FALSE
,,20000,-,0.001,,Principle A c command,t5,FALSE
,,40000,-,0.0,,Principle A c command,t5,FALSE
,,60000,-,0.0,,Principle A c command,t5,FALSE
,,80000,-,0.0,,Principle A c command,t5,FALSE
,,100000,-,0.0,,Principle A c command,t5,FALSE
,,200000,-,0.0,,Principle A c command,t5,FALSE
,,300000,-,0.0,,Principle A c command,t5,FALSE
,,400000,-,0.0,,Principle A c command,t5,FALSE
,,500000,-,0.001,,Principle A c command,t5,FALSE
,,600000,-,0.0,,Principle A c command,t5,FALSE
,,700000,-,0.002,,Principle A c command,t5,FALSE
,,800000,-,0.0,,Principle A c command,t5,FALSE
,,900000,-,0.001,,Principle A c command,t5,FALSE
,,1000000,-,0.001,,Principle A c command,t5,FALSE
,,1100000,-,0.0,,Principle A c command,t5,FALSE
,,final,0,0.3169456066945607,0.3341916843392377,Tree depth,t5,FALSE
,,final,1,0.3519293351929335,0.3733747955027296,Tree depth,t5,FALSE
,,final,2,0.3770339377033938,0.3975274107103911,Tree depth,t5,FALSE
,,final,3,0.3738958623895862,0.3959019066985953,Tree depth,t5,FALSE
,,final,4,0.3707577870757787,0.3914849220882748,Tree depth,t5,FALSE
,,final,5,0.3679683867968387,0.38837354526615797,Tree depth,t5,FALSE
,,final,6,0.35820548582054856,0.37727693543260815,Tree depth,t5,FALSE
,,final,0,0.8313862249346121,0.6297999632987127,Person,t5,FALSE
,,final,1,0.8308631211857018,0.6250427332453324,Person,t5,FALSE
,,final,2,0.8294681778552746,0.6249528585757271,Person,t5,FALSE
,,final,3,0.8303400174367916,0.6206177381844236,Person,t5,FALSE
,,final,4,0.8296425457715779,0.6242717160794964,Person,t5,FALSE
,,final,5,0.8291194420226679,0.6172223321003374,Person,t5,FALSE
,,final,6,0.827027027027027,0.5998982782696953,Person,t5,FALSE
,,final,0,0.6903582872123507,0.6820252670227167,Top constituents,t5,FALSE
,,final,1,0.7765802505097582,0.7709207808817131,Top constituents,t5,FALSE
,,final,2,0.7975531605010195,0.7923098946623253,Top constituents,t5,FALSE
,,final,3,0.8017768715409263,0.7969583420639377,Top constituents,t5,FALSE
,,final,4,0.8076026798718322,0.8033371446993257,Top constituents,t5,FALSE
,,final,5,0.8043984852898339,0.7991122386603111,Top constituents,t5,FALSE
,,final,6,0.7891057384212059,0.7803672385739496,Top constituents,t5,FALSE
,,final,0,0.793717020493312,0.7936207523213669,Subject number,t5,FALSE
,,final,1,0.8403485090195116,0.8403466241315825,Subject number,t5,FALSE
,,final,2,0.8549515277948214,0.8549467026018556,Subject number,t5,FALSE
,,final,3,0.8688182599091913,0.8688178727209986,Subject number,t5,FALSE
,,final,4,0.8704135476745612,0.8704123280249839,Subject number,t5,FALSE
,,final,5,0.8700454043440913,0.8700449033591797,Subject number,t5,FALSE
,,final,6,0.8605963921953614,0.8605913516997521,Subject number,t5,FALSE
,,final,0,0.5666,0.4803347482081487,Connectors,t5,FALSE
,,final,1,0.597,0.5133524202677873,Connectors,t5,FALSE
,,final,2,0.6006,0.5131827789867075,Connectors,t5,FALSE
,,final,3,0.6028,0.526542281300593,Connectors,t5,FALSE
,,final,4,0.6016,0.513503270863567,Connectors,t5,FALSE
,,final,5,0.5998,0.5146608560458015,Connectors,t5,FALSE
,,final,6,0.6176,0.5105757979921305,Connectors,t5,FALSE
,,final,0,0.5005,0.5000939513119531,Discourse Coherence,t5,FALSE
,,final,1,0.50625,0.505922395668478,Discourse Coherence,t5,FALSE
,,final,2,0.505,0.504652141966696,Discourse Coherence,t5,FALSE
,,final,3,0.506,0.5054449856351291,Discourse Coherence,t5,FALSE
,,final,4,0.49975,0.4992128745087152,Discourse Coherence,t5,FALSE
,,final,5,0.49700000000000005,0.4967337721654755,Discourse Coherence,t5,FALSE
,,final,6,0.493,0.4919712417645733,Discourse Coherence,t5,FALSE
,,final,0,0.3174647107666759,0.20793165788957635,Penn Discourse Treebank,t5,FALSE
,,final,1,0.3357320786050373,0.21850443374556486,Penn Discourse Treebank,t5,FALSE
,,final,2,0.35095488513700523,0.22852975570381584,Penn Discourse Treebank,t5,
,,final,3,0.34680321062828673,0.2258776780115173,Penn Discourse Treebank,t5,
,,final,4,0.3398837531137559,0.2280513633613306,Penn Discourse Treebank,t5,
,,final,5,0.3520619983393302,0.22512930745482185,Penn Discourse Treebank,t5,
,,final,6,0.4121228895654581,0.2580616515427413,Penn Discourse Treebank,t5,
,,final,0,0.34975,0.3474579036585108,Sentence Position,t5,
,,final,1,0.39575,0.39513493092894975,Sentence Position,t5,
,,final,2,0.40675,0.4048449808631592,Sentence Position,t5,
,,final,3,0.405,0.4033774017105249,Sentence Position,t5,
,,final,4,0.42700000000000005,0.4238068722368848,Sentence Position,t5,
,,final,5,0.41475,0.4114444176369611,Sentence Position,t5,
,,final,6,0.4605,0.4488408791982549,Sentence Position,t5,
,,final,-,0,,Passive,t5,
,,final,-,0,,Transitive,t5,
,,final,-,0,,Adjunct Island,t5,
,,final,-,0,,Principle A c command,t5,
